,key,ra,dec,name,host,confirmed_real,confirmed_dwarf,rhalf,rhalf_em,rhalf_ep,position_angle,position_angle_em,position_angle_ep,ellipticity,ellipticity_em,ellipticity_ep,ellipticity_ul,ref_structure,distance_modulus,distance_modulus_em,distance_modulus_ep,ref_distance,apparent_magnitude_v,apparent_magnitude_v_em,apparent_magnitude_v_ep,ref_m_v,vlos_systemic,vlos_systemic_em,vlos_systemic_ep,vlos_sigma,vlos_sigma_em,vlos_sigma_ep,vlos_sigma_ul,ref_vlos,pmra,pmra_em,pmra_ep,pmdec,pmdec_em,pmdec_ep,ref_proper_motion,metallicity_spectroscopic,metallicity_spectroscopic_em,metallicity_spectroscopic_ep,metallicity_spectroscopic_sigma,metallicity_spectroscopic_sigma_em,metallicity_spectroscopic_sigma_ep,metallicity_spectroscopic_sigma_ul,ref_metallicity_spectroscopic,rcore,rcore_em,rcore_ep,rking,rking_em,rking_ep,ref_structure_king,rad_sersic,rad_sersic_em,rad_sersic_ep,n_sersic,n_sersic_em,n_sersic_ep,ref_structure_sersic,age,age_em,age_ep,ref_age,metallicity_photometric,metallicity_photometric_em,metallicity_photometric_ep,ref_metallicity_photometric,flux_HI,flux_HI_em,flux_HI_ep,flux_HI_ul,ref_flux_HI,M_V,M_V_em,M_V_ep,mass_stellar,distance,distance_em,distance_ep,rhalf_physical,rhalf_sph_physical,surface_brightness_rhalf,mass_HI,mass_HI_ul,metallicity,metallicity_em,metallicity_ep,metallicity_type,ll,bb,peri,peri16,peri50,peri84,apo,apo16,apo50,apo84,ecc,ecc16,ecc50,ecc84,fperi,fperi16,fperi50,fperi84,Lz,Lz16,Lz50,Lz84,E,E16,E50,E84
0,virgo_1,180.038,-0.681,Virgo I,MW,1,0,1.76,0.4,0.49,62.0,13.0,8.0,0.59,0.14,0.12,,Homma2018PASJ...70S..18H,19.8,0.2,0.2,Homma2023arXiv231105439H,18.9,0.65,0.72,Homma2023arXiv231105439H,,,,,,,,,,,,,,,,,,,,,,,,,,,,,,,,,,,,,,,,,,,,,,,,,0.45,Putman2021ApJ...913...53P,-0.9000000000000021,0.65,0.72,2.5930299956639824,91.20108393559097,8.02470682532389,8.798916064409028,46.69160308453727,29.8972135395195,30.048766651167117,,2.9453877998904074,,,,,276.94193726736114,59.57767883914041,,,,,,,,,,,,,,,,,,,,,,,,
1,bootes_1,210.02,14.5135,Bootes I,MW,1,1,9.97,0.27,0.27,6.0,3.0,3.0,0.3,0.03,0.03,,Munoz2018ApJ...860...66M,19.11,0.08,0.08,DallOra2006ApJ...653L.109D,13.09,0.25,0.25,Munoz2018ApJ...860...66M,101.8,0.7,0.7,4.6,0.6,0.8,,Koposov2011ApJ...736..146K,-0.385,0.017,0.017,-1.068,0.013,0.013,Pace2022ApJ...940..136P,-2.35,0.08,0.09,0.44,0.06,0.07,,Simon2019ARA&A..57..375S,11.9,1.0,1.0,37.5,0.9,0.9,Munoz2018ApJ...860...66M,11.26,0.27,0.27,0.64,0.03,0.03,Munoz2018ApJ...860...66M,,,,,,,,,,,,0.25,Spekkens2014ApJ...795L...5S,-6.02,0.25,0.25,4.641029995663981,66.37430704019089,2.4008234919260687,2.4909225942365936,192.4958076652067,161.05354754887014,28.58546037807708,,2.4141152947871016,-2.35,0.08,0.09,spectroscopic,358.1019462315029,69.63657618118897,38.90590722329179,34.10827419694811,39.23101877725655,44.41206567996348,85.32813317914805,78.976155337092,85.67538538486318,92.34609357254655,0.3736675214416078,0.35007516044336084,0.37126750365407946,0.3966498727895506,0.5412700004682216,0.4587559336179717,0.5380322662578669,0.6157438625367931,-1.5275825948599462,-1.824722688980315,-1.5502507523196916,-1.2659935184038447,0.009476447138478618,0.006136461222015819,0.009746512255815677,0.013292453926834124
2,pegasus_3,336.1074167,5.4150472,Pegasus III,MW,1,1,1.67,0.21,0.26,83.0,7.0,8.0,0.37,0.09,0.08,,Richstein2022ApJ...933..217R,21.66,0.12,0.12,Kim2016ApJ...833...16K,17.49,0.22,0.19,Richstein2022ApJ...933..217R,-222.9,2.6,2.6,5.4,2.5,3.0,,Kim2016ApJ...833...16K,-0.03,0.21,0.21,-0.58,0.208,0.213,Pace2022ApJ...940..136P,-2.55,0.15,0.15,,,,,Kim2016ApJ...833...16K,,,,,,,,,,,,,,,,,,,,,,,,,,0.31,Putman2021ApJ...913...53P,-4.170000000000002,0.22,0.19,3.9010299956639822,214.7830474130533,11.547346319431199,12.203437775328808,104.33801937595886,82.81573546734775,28.99117736984213,,3.5275369799493363,-2.55,0.15,0.15,spectroscopic,69.85989727072065,-41.82623427259285,212.87090556097175,200.91736055416516,212.21044676767718,224.10095302571798,3921.013691352476,367.54014205523595,542.67448927029,739.7104130350768,0.897011684496509,0.2694642731756094,0.4378895311511013,0.5526915693067783,0.0,0.0,0.0,0.0,-58.38441028496908,-93.3265667376158,-57.17092828422953,-22.751540487405176,0.1344357319525564,0.07507601503319468,0.1553069674824129,0.28376964613469685
3,antlia_2,143.8079,-36.6991,Antlia II,MW,1,1,104.6,8.6,8.6,156.0,2.4,2.4,0.6,0.04,0.04,,Ji2021ApJ...921...32J,20.47,0.09,0.09,Vivas2022ApJ...926...78V,10.74,0.08,0.08,Ji2021ApJ...921...32J,288.8,0.4,0.4,5.98,0.36,0.37,,Ji2021ApJ...921...32J,-0.093,0.008,0.008,0.1,0.009,0.009,Pace2022ApJ...940..136P,-1.9,0.04,0.04,0.34,0.03,0.03,,Ji2021ApJ...921...32J,,,,,,,,,,,,,,,,,,,,,,,,,,0.027,Putman2021ApJ...913...53P,-9.729999999999999,0.08,0.08,6.125029995663981,124.16523075924093,5.04102995650355,5.254353385757696,3777.963882561114,2389.394157349201,30.731784146478468,,1.99153905027405,-1.9,0.04,0.04,spectroscopic,264.8009333626055,11.25426784085826,40.34656481739177,35.8400716961833,40.53707891385253,45.88047257771257,139.58292322009973,120.36453524623185,125.27347547947082,130.40440529250034,0.5515291544765042,0.47469592597472626,0.5100310028220988,0.5457623178338888,0.8543606726055424,1.0,1.0,1.0,-10.875912023723858,-12.021556156224714,-10.890573956544653,-9.849954727225619,0.02223852684174187,0.020562577293810017,0.022339634791376566,0.024024413518718077
4,draco_2,238.1983333,64.56527778,Draco II,MW,1,,3.0,0.5,0.7,76.0,32.0,22.0,0.23,0.15,0.15,,Longeard2018MNRAS.480.2609L,16.67,0.05,0.05,Longeard2018MNRAS.480.2609L,15.87,1.0,0.4,Longeard2018MNRAS.480.2609L,-342.5,1.2,1.1,,,,5.9,Longeard2018MNRAS.480.2609L,1.027,0.065,0.067,0.887,0.072,0.072,Pace2022ApJ...940..136P,-2.7,0.1,0.1,,,,,Longeard2018MNRAS.480.2609L,,,,,,,,,,,,,,,,,,,,,,,,,,,,-0.8000000000000025,1.0,0.4,2.5530299956639824,21.57744409152669,0.49116259219380254,0.5026032386623207,18.82987217810687,16.523145778203354,28.861076410169233,,,-2.7,0.1,0.1,spectroscopic,98.29423510504377,42.87998521039773,19.29229506336184,18.775403308525703,23.336866740524,24.20746889439452,76.5501761867354,70.91268569361678,76.80168031494068,83.32060875104668,0.5974165771869687,0.5352836539621812,0.5599105272357965,0.5835697025320122,0.07859479114715476,0.0,6.067439271295177e-17,0.08986824447107505,-0.8807932064660428,-1.0056103804444354,-0.8785695168747798,-0.7653773010964008,0.0007067350759209916,-0.001998811796902538,0.0008033473280545967,0.0036140758513136116
5,tucana_3,359.1075,-59.58332,Tucana III,MW,1,0,5.1,1.2,1.2,25.0,38.0,38.0,0.2,0.1,0.1,,MutluPakdil2018ApJ...863...25M,16.8,0.1,0.1,MutluPakdil2018ApJ...863...25M,15.5,0.2,0.2,MutluPakdil2018ApJ...863...25M,-102.3,0.4,0.4,,,,1.5,Simon2017ApJ...838...11S,-0.048,0.036,0.035,-1.638,0.039,0.039,Pace2022ApJ...940..136P,-2.42,0.08,0.07,,,,0.19,Simon2017ApJ...838...11S,,,,,,,,,,,,,,,,,,,,,,,,,,0.61,Putman2021ApJ...913...53P,-1.3000000000000007,0.2,0.2,2.7530299956639817,22.90867652767775,1.031060288182232,1.0796526625172014,33.985705777997076,30.397739353163534,29.684818321623325,,1.8775051211258318,-2.42,0.08,0.07,spectroscopic,315.4235632068869,-56.19088353482841,2.3716712299617924,2.759798710201436,2.9778678183633787,3.2590982725459914,36.156313907626064,34.43899385847632,36.1624387078376,38.071194883709936,0.8768857898230452,0.8351039250046473,0.8477671295943362,0.8591451501948351,0.5531641189868672,0.5374548739663666,0.544915477375961,0.5525218477179739,0.37045433848683135,0.2842195024623372,0.37295096347207046,0.4618573316551935,-0.03622767877721235,-0.038511854712477915,-0.036157745473831576,-0.03369827418145367
6,leo_minor_1,164.261,28.875,Leo Minor I,MW,1,0,1.09,0.35,0.37,,,,,,,0.4,Cerny2023ApJ...953....1C,19.56,0.19,0.11,Cerny2023ApJ...953....1C,17.16,0.4,0.5,Cerny2023ApJ...953....1C,,,,,,,,,-0.01,0.4,0.39,-1.29,0.4,0.37,Cerny2023ApJ...953....1C,,,,,,,,,,,,,,,,,,,,,,,,,,,,,,,,,,,,-2.3999999999999986,0.4,0.5,3.1930299956639807,81.65823713585922,6.841287084743854,4.243115014680214,25.891225972343367,25.891225972343367,28.236376165017262,,,,,,,202.2323783849381,64.74963315316045,,,,,,,,,,,,,,,,,,,,,,,,
7,leo_4,173.2405,-0.5453,Leo IV,MW,1,1,2.54,0.27,0.27,-28.0,38.0,38.0,0.17,0.09,0.09,,Munoz2018ApJ...860...66M,20.9,0.06,0.06,Medina2018ApJ...855...43M,15.95,0.26,0.26,Munoz2018ApJ...860...66M,131.6,1.2,1.0,3.4,0.9,1.3,,Jenkins2021ApJ...920...92J,-0.1921,0.0514,0.0514,-0.0686,0.0523,0.0523,Julio2024arXiv240416110J,-2.48,0.13,0.16,0.42,0.1,0.12,,Jenkins2021ApJ...920...92J,2.14,0.82,0.82,11.9,3.1,3.1,Munoz2018ApJ...860...66M,2.61,0.31,0.31,0.86,0.26,0.26,Munoz2018ApJ...860...66M,,,,,,,,,,,,0.43,Putman2021ApJ...913...53P,-4.949999999999999,0.26,0.26,4.213029995663981,151.35612484362073,4.1248746003487895,4.24043831688644,111.83038854691922,101.88233269866069,28.661107234154215,,3.36564374169465,-2.48,0.13,0.16,spectroscopic,265.4576584171992,56.50597055154596,77.60083494396994,67.519350604775,102.17323308382826,139.98860826077834,153.09836432276512,147.56321350199562,151.90721685841984,157.14636581337436,0.32725527274806326,0.0554327092195861,0.19412507448109606,0.3806651184234378,0.9843411595690287,1.0,1.0,1.0,-8.79034220113562,-11.929162394117999,-8.701361450669442,-5.5176837214312835,0.028773138540592588,0.025024456229381715,0.029321676996101123,0.035386088098433334
8,carina_1,100.4065,-50.9593,Carina,MW,1,1,10.1,0.1,0.1,60.0,1.0,1.0,0.36,0.01,0.01,,Munoz2018ApJ...860...66M,20.118,0.111,0.111,Karczmarek2015AJ....150...90K,10.688,0.05,0.05,Munoz2018ApJ...860...66M,222.9,0.1,0.1,6.6,1.2,1.2,,Walker2009AJ....137.3100W,0.532,0.006,0.007,0.127,0.006,0.006,Pace2022ApJ...940..136P,-1.8,0.02,0.02,0.24,,,,Simon2019ARA&A..57..375S,7.97,1.6,1.6,58.4,0.98,0.98,Munoz2018ApJ...860...66M,11.43,0.12,0.12,0.94,0.01,0.01,Munoz2018ApJ...860...66M,,,,,,,,,,,,0.42,Putman2021ApJ...913...53P,-9.429999999999998,0.05,0.05,6.005029995663981,105.58445924300804,5.261577185208139,5.537528133865379,310.20406954258874,248.163255634071,26.11429655336378,,3.0426245765129645,-1.8,0.02,0.02,spectroscopic,260.1059874835998,-22.219416167741873,106.16326081044552,92.40954851034755,105.76058783789065,111.80671548856213,124.41386512464538,101.72518894167698,114.60916474118102,139.2501192231862,0.07915184231820781,0.02396080460091733,0.06475670194231617,0.11896822456351275,0.05398353956558281,0.014996294315057581,0.12167395185687062,1.0,-0.9256479658175851,-1.2071365817411135,-0.9249714408698071,-0.6224411473446884,0.0285462080270058,0.023862685700974974,0.02826157003494114,0.03316905075688873
9,leo_5,172.7857,2.2194,Leo V,MW,1,1,1.0,0.32,0.32,-71.0,26.0,26.0,0.43,0.22,0.22,,Munoz2018ApJ...860...66M,21.14,0.06,0.06,Medina2018ApJ...855...43M,16.74,0.36,0.36,Munoz2018ApJ...860...66M,173.1,0.8,1.0,,,,4.7,Jenkins2021ApJ...920...92J,0.1186,0.1943,0.1943,-0.1183,0.1704,0.1704,Julio2024arXiv240416110J,-2.29,0.17,0.14,0.3,0.09,0.14,,Jenkins2021ApJ...920...92J,0.44,0.19,0.19,9.27,5.85,5.85,Munoz2018ApJ...860...66M,1.0,0.22,0.22,1.7,0.36,0.36,Munoz2018ApJ...860...66M,,,,,,,,,,,,0.054,Spekkens2014ApJ...795L...5S,-4.400000000000002,0.36,0.36,3.9930299956639823,169.04409316432634,4.606920842833091,4.735989710611278,49.17293344609224,37.124750621458396,27.018930852352177,,2.560569045938032,-2.29,0.17,0.14,spectroscopic,261.8564384844363,58.53443227730529,158.98388694515256,105.53210806089035,162.20469867615125,170.09115544936608,454.55276295631285,169.69369104439602,233.00677476179374,381.4050101785326,0.4817460799752207,0.10708179100428669,0.265328624342346,0.4549499585071477,0.03667253031614279,0.006488825623482247,0.08497358095253887,1.0,9.188382428743033,-3.6530641455665203,8.980672551352669,22.264093839130744,0.048750130718932694,0.03548406921387634,0.060035000915791954,0.10878622632174165
10,tucana_2,342.9796,-58.5689,Tucana II,MW,1,1,12.89,1.98,1.71,107.0,18.0,18.0,0.39,0.2,0.1,,Koposov2015ApJ...805..130K,18.75,0.2,0.2,Vivas2020ApJS..247...35V,15.0,0.1,0.1,Koposov2015ApJ...805..130K,-124.7,1.0,1.0,3.8,0.7,1.1,,Chiti2023AJ....165...55C,0.911,0.026,0.024,-1.28,0.029,0.029,Pace2022ApJ...940..136P,-2.77,,,,,,,Chiti2021NatAs...5..392C,,,,,,,,,,,,,,,,,,,,,,,,,,0.27,Putman2021ApJ...913...53P,-3.75,0.1,0.1,3.7330299956639816,56.23413251903491,4.947994119898432,5.4253676671133135,210.85263589815068,164.68117311875952,30.903826714838225,,2.3035390502740514,-2.77,,,spectroscopic,328.0862902061551,-52.32481854259339,34.8853061776479,47.35570218690391,52.24463512443643,57.400497913894796,161.78566783847333,107.53997245260953,155.97982570746262,214.7774931257469,0.6452419442963828,0.40308323397729345,0.5070247177755041,0.5838830269811176,0.13905012222587113,0.0,0.0,0.0,-6.570615970370088,-8.310828556178473,-6.469316038754981,-4.949068179728438,0.02517650987774818,0.013010118977242304,0.024417650281833098,0.03781373906584622
11,horologium_2,49.131,-50.009,Horologium II,MW,1,0,1.69,0.17,0.18,103.0,14.0,11.0,0.23,0.08,0.07,,Richstein2024arXiv240208731R,19.46,0.2,0.2,Kim2015ApJ...808L..39K,17.39,0.1,0.1,Richstein2024arXiv240208731R,,,,,,,,,0.967,0.171,0.173,-0.771,0.23,0.22,Pace2022ApJ...940..136P,,,,,,,,,,,,,,,,2.83,1.31,1.31,1.09,0.37,0.37,Munoz2018ApJ...860...66M,,,,,,,,,,,,0.54,Putman2021ApJ...913...53P,-2.0700000000000003,0.1,0.1,3.0610299956639815,77.98301105232593,6.861659686992979,7.523660236142476,38.33653188141574,33.64017019955458,29.134903949387002,,2.8885690459380333,,,,,262.4593287760436,-54.143039803994554,,,,,,,,,,,,,,,,,,,,,,,,
12,triangulum_2,33.3155,36.1691,Triangulum II,MW,1,1,2.5,0.3,0.3,73.0,17.0,17.0,0.3,0.1,0.1,,Carlin2017AJ....154..267C,17.27,0.11,0.11,Carlin2017AJ....154..267C,15.97,0.25,0.23,Richstein2024arXiv240208731R,-381.7,1.1,1.1,,,,4.2,Kirby2017ApJ...838...83K,0.575,0.06,0.06,0.112,0.067,0.069,Pace2022ApJ...940..136P,-2.24,0.05,0.05,0.53,0.12,0.38,,Kirby2017ApJ...838...83K,2.1,0.6,0.6,11.8,2.7,2.7,Carlin2017AJ....154..267C,2.0,0.4,0.4,1.45,0.45,0.45,Munoz2018ApJ...860...66M,,,,,,,,,,,,0.58,Putman2021ApJ...913...53P,-1.299999999999999,0.25,0.23,2.753029995663981,28.44461107447914,1.4050274333906785,1.478035291602751,20.68550490412096,17.306735081952592,28.461688623521738,,2.043603279678001,-2.24,0.05,0.05,spectroscopic,140.89674700699445,-23.831870594701375,11.193235526445676,33.153711498249834,34.5063485349173,35.93200941573709,102.91047167061491,96.43906664062138,102.4751089793777,109.30824057587367,0.8038059270569603,0.4829122589481597,0.49780197116249886,0.5132311606719752,0.2550476280686538,0.0,0.0,0.0,-2.9384280691866214,-3.1816691000598376,-2.920422406880681,-2.663567831865958,0.008751608736561715,0.006397948681520057,0.0086099256231475,0.01094377483476483
13,SMC,13.158,-72.8003,SMC,LMC,1,1,,,,,,,,,,,,18.99,0.1,0.1,Cioni2000A&A...359..601C,2.2,0.2,0.2,deVaucouleurs1991rc3..book.....D,145.6,0.6,0.6,27.6,0.5,0.5,,Harris2006AJ....131.2514H,-0.83,0.02,0.02,-1.21,0.01,0.01,Zivick2018ApJ...864...55Z,,,,,,,,,,,,,,,,,,,,,,,,,,,,,,,476675.0,4145.0,4145.0,,Bruns2005A&A...432...45B,-16.79,0.2,0.2,8.949029995663981,62.805835881331795,2.826728255780914,2.959947854210192,,,,8.646397661354968,,,,,,302.808527061477,-44.32766631450471,60.15872025688682,57.49562513888146,60.23880245121464,63.10759648699933,2700.532629606722,337.9649002503764,364.1334868733304,391.1621975363124,0.9564176413564965,0.7081233716895351,0.7161049435142512,0.7227145780983139,0.0,0.0,0.0,0.0,17.11339734811438,15.824268585799155,17.131110944834028,18.55749003368295,0.0918141261273202,0.0818042811098361,0.09210775412774123,0.10329318656202278
14,aquarius_2,338.4813,-9.3274,Aquarius II,MW,1,1,5.1,0.8,0.8,121.0,9.0,9.0,0.39,0.09,0.09,,Torrealba2016MNRAS.463..712T,20.16,0.07,0.07,Torrealba2016MNRAS.463..712T,15.8,0.14,0.14,Torrealba2016MNRAS.463..712T,-65.3,1.8,1.8,4.7,1.2,1.8,,Bruce2023ApJ...950..167B,-0.179,0.113,0.119,-0.466,0.095,0.096,Pace2022ApJ...940..136P,-2.57,0.17,0.17,0.36,0.14,0.2,,Bruce2023ApJ...950..167B,,,,,,,,,,,,,,,,,,,,,,,,,,0.66,Putman2021ApJ...913...53P,-4.359999999999999,0.14,0.14,3.9770299956639814,107.64652136298349,3.4147784236531322,3.5266513651757094,159.69682921871046,124.72721086487537,29.69041824434686,,3.255719221656933,-2.57,0.17,0.17,spectroscopic,55.10824380657448,-53.008499689781964,78.86250965438417,39.75502256500259,81.03015901620029,102.12406107281524,114.54368157229307,102.7138255877706,107.38852548352807,150.52572882264926,0.1844882611647608,0.09618716139249464,0.22555737055244773,0.45047022487858573,0.7370576882602065,0.054461719792366164,1.0,1.0,-8.474223644584,-11.856831759176854,-8.30583134572344,-5.015877313293129,0.023647016884094787,0.015809084167499998,0.024095229311656273,0.036131939798723374
15,pictor_2,101.18,-59.897,Pictor II,MW,1,0,3.8,1.0,1.5,14.0,66.0,60.0,0.13,0.13,0.22,,DrlicaWagner2016ApJ...833L...5D,18.3,0.15,0.12,DrlicaWagner2016ApJ...833L...5D,15.1,0.5,0.4,DrlicaWagner2016ApJ...833L...5D,,,,,,,,,1.15,0.06,0.06,1.14,0.05,0.06,Battaglia2022A&A...657A..54B,,,,,,,,,,,,,,,,,,,,,,,,,,,-1.8,0.3,0.3,DrlicaWagner2016ApJ...833L...5D,,,,0.58,Putman2021ApJ...913...53P,-3.200000000000001,0.5,0.4,3.513029995663982,45.708818961487516,3.050867081328171,2.5970612424897723,50.525394578144905,47.126950703723594,28.736959093278074,,2.4556032796780016,-1.8,0.3,0.3,photometric,269.63296382624173,-24.05200365416436,,,,,,,,,,,,,,,,,,,,,,,,
16,grus_2,331.025,-46.442,Grus II,MW,1,1,5.9,0.5,0.5,,,,,,,0.21,Simon2020ApJ...892..137S,18.71,0.1,0.1,MartinezVazquez2019MNRAS.490.2183M,15.21,0.3,0.3,Simon2020ApJ...892..137S,-110.0,0.5,0.5,,,,2.0,Simon2020ApJ...892..137S,0.384,0.033,0.033,-1.484,0.04,0.039,Pace2022ApJ...940..136P,-2.51,0.11,0.11,,,,0.45,Simon2020ApJ...892..137S,,,,,,,,,,,,,,,,,,,,,,,,,,0.6,Putman2021ApJ...913...53P,-3.5,0.3,0.3,3.6330299956639815,55.20774392807573,2.484757785793512,2.6018608124961418,94.7497622407115,94.7497622407115,29.953501674284826,,2.6343265364987074,-2.51,0.11,0.11,spectroscopic,351.13858208824547,-51.94142534103433,28.055125532334586,22.757764689715327,27.84816625853609,52.19257627376265,75.68428070910878,67.3737739981596,75.2770054224317,87.39081880740306,0.45912307485086207,0.28624835004245963,0.45862957547952377,0.4957887378140427,0.4761374667772228,0.0,0.47960009357288835,0.5767120680046101,-4.630133910326256,-5.417498186677613,-4.593041475917013,-3.8724455030021034,0.00306279569580249,-0.002382399824554001,0.002792803062668608,0.008753272229846527
17,hercules_1,247.7722,12.7852,Hercules,MW,1,1,5.63,0.46,0.46,-73.0,2.0,2.0,0.69,0.03,0.03,,Munoz2018ApJ...860...66M,20.58,0.1,0.1,MutluPakdil2020ApJ...902..106M,14.773,0.17,0.17,Munoz2018ApJ...860...66M,45.0,1.1,1.1,5.1,0.9,0.9,,Simon2007ApJ...670..313S,-0.035,0.042,0.042,-0.339,0.036,0.035,Pace2022ApJ...940..136P,-2.47,0.12,0.13,0.47,0.08,0.11,,Simon2019ARA&A..57..375S,3.29,0.54,0.54,39.9,4.7,4.7,Munoz2018ApJ...860...66M,5.99,0.58,0.58,1.19,0.17,0.17,Munoz2018ApJ...860...66M,,,,,,,,,,,,0.37,Putman2021ApJ...913...53P,-5.806999999999999,0.17,0.17,4.555829995663981,130.61708881318404,5.878737388889974,6.155793746400917,213.91168665117192,119.10098657292576,28.14318935510834,,3.1723770101820583,-2.47,0.12,0.13,spectroscopic,28.72766811873902,36.85627713367329,55.0325993849948,42.621124599613374,56.50095416708315,70.65811098135674,232.6404316542718,120.71987645960138,126.25021255527334,132.3076120353058,0.6173947958473521,0.29309445829856623,0.38009850161480535,0.48661765913470334,0.3946960993430776,0.9666984960912214,1.0,1.0,-0.9242912165839562,-3.2097629116126485,-0.8929247584456951,1.4735336715251384,0.034859599259110564,0.03151245179331438,0.0352630887550686,0.039502901915084376
18,ursa_major_1,158.7706,51.9479,Ursa Major I,MW,1,1,8.31,0.35,0.35,67.0,2.0,2.0,0.59,0.03,0.03,,Munoz2018ApJ...860...66M,19.94,0.13,0.13,Garofalo2013ApJ...767...62G,14.8,0.38,0.38,Munoz2018ApJ...860...66M,-55.3,1.4,1.4,7.0,1.0,1.0,,Simon2007ApJ...670..313S,-0.401,0.036,0.036,-0.613,0.042,0.04,Pace2022ApJ...940..136P,-2.16,0.13,0.11,0.62,0.08,0.1,,Simon2019ARA&A..57..375S,13.3,2.9,2.9,24.0,1.9,1.9,Munoz2018ApJ...860...66M,8.34,0.34,0.34,0.47,0.08,0.08,Munoz2018ApJ...860...66M,,,,,,,,,,,,3.11,Putman2021ApJ...913...53P,-5.140000000000001,0.38,0.38,4.289029995663982,97.27472237769662,5.652673365496511,6.00141819844319,235.1403395469085,150.56328073509997,29.319206774715205,,3.8409356751419024,-2.16,0.13,0.11,spectroscopic,159.36239294585368,54.42675814621374,51.45228655692457,34.26131303227369,51.248739014108395,76.36657375580837,101.85319505220237,96.0046135493939,101.5316944746419,107.38214756433354,0.32876129389672926,0.16246682984532662,0.32845621095457544,0.4785935616936824,0.9999632958555966,0.9995825272654589,0.9999999999999997,1.0,7.4592667033730775,5.360606208072324,7.371701885126912,9.429745505267782,0.016603942227622077,0.0119781110714112,0.016500620322143816,0.021663240448598936
19,tucana_5,354.347,-63.266,Tucana V,MW,1,1,2.1,0.4,0.6,29.0,11.0,11.0,0.51,0.18,0.09,,Simon2020ApJ...892..137S,18.7,0.21,0.21,Simon2020ApJ...892..137S,17.6,0.6,0.5,Simon2020ApJ...892..137S,-34.7,0.8,0.9,1.2,0.6,0.9,,Simon2020ApJ...892..137S,-0.14,0.05,0.04,-1.18,0.06,0.05,Battaglia2022A&A...657A..54B,-2.84,0.3,0.32,0.43,0.15,0.32,,Hansen2024arXiv240313060H,,,,,,,,,,,,,,,,,,,,,,,,,,0.51,Putman2021ApJ...913...53P,-1.0999999999999979,0.6,0.5,2.6730299956639807,54.954087385762485,5.065638639761318,5.580000089628875,33.56954168085835,23.498679176600845,29.32583028947389,,2.5597454622130007,-2.84,0.3,0.32,spectroscopic,316.31478974100855,-51.895327792912774,25.844984431796615,18.94657506743157,50.09247843756141,57.297350017477385,90.24694188594215,73.9245516784839,90.81130190112455,119.47136650040215,0.5547496668965597,0.29801892247738276,0.4083947984245285,0.5916608689750352,0.40426425816583306,0.0,0.0394383463674805,0.5175629547770385,2.2539215995261697,1.8616866115319837,2.217662920005263,2.572659549814967,0.007703825511694043,-0.0005775924741008611,0.007963952706154,0.017404104021001895
20,leo_2,168.3627,22.1529,Leo II,MW,1,1,2.52,0.03,0.03,38.0,8.0,8.0,0.07,0.01,0.01,,Munoz2018ApJ...860...66M,21.84,0.13,0.13,Bellazzini2005MNRAS.360..185B,12.12,0.04,0.04,Munoz2018ApJ...860...66M,78.5,0.6,0.6,7.4,0.4,0.4,,Spencer2017ApJ...836..202S,-0.109,0.028,0.028,-0.15,0.026,0.026,Pace2022ApJ...940..136P,-1.68,0.03,0.02,0.34,0.02,0.02,,Simon2019ARA&A..57..375S,2.25,0.1,0.1,9.82,0.41,0.41,Munoz2018ApJ...860...66M,2.48,0.03,0.03,0.71,0.02,0.02,Munoz2018ApJ...860...66M,,,,,,,,,,,,0.15,Spekkens2014ApJ...795L...5S,-9.72,0.04,0.04,6.1210299956639815,233.34580622810043,13.559818949617664,14.396399535228198,171.0514098048438,164.95600583333996,24.93745346165708,,3.284266545170746,-1.68,0.03,0.02,spectroscopic,220.16083076747705,67.22517074776654,30.819099029126445,143.97333208644034,162.89288866586236,182.45147362397162,239.6026768994693,221.76434347311485,235.05891724285095,249.05663603663012,0.7720664401134312,0.1487119138906248,0.1826528087208693,0.21699443285939768,0.98196097789163,1.0,1.0,1.0,-4.64935603196418,-7.206180992733042,-4.684426396459345,-1.8574569448841332,0.03393826493066259,0.03274571826671906,0.0345113579220203,0.036731847393737624
21,pegasus_4,328.539,26.62,Pegasus IV,MW,1,1,1.6,0.25,0.29,115.0,41.0,27.0,,,,0.41,Cerny2023ApJ...942..111C,19.77,0.03,0.03,Cerny2023ApJ...942..111C,15.52,0.2,0.2,Cerny2023ApJ...942..111C,-273.6,1.5,1.6,3.3,1.1,1.7,,Cerny2023ApJ...942..111C,0.33,0.07,0.07,-0.21,0.08,0.08,Cerny2023ApJ...942..111C,-2.67,0.29,0.25,0.46,0.17,0.29,,Cerny2023ApJ...942..111C,,,,,,,,,,,,,,,,,,,,,,,,,,,,-4.25,0.2,0.2,3.9330299956639814,89.94975815300347,1.2341569492074882,1.2513257825875002,41.8645184304673,41.8645184304673,27.429843504568925,,,-2.67,0.29,0.25,spectroscopic,80.79715668463334,-21.403105576428647,27.03532286893799,18.427198153594286,29.485602277363267,49.30822409060146,94.37491399098988,93.24902900120344,94.94860585499588,97.0030606705193,0.554645084827091,0.32431087617877496,0.5250480057361027,0.6719283803852482,0.9218210759306456,0.8492690526041157,0.9153481320705646,0.9363832044402797,6.679388336187063,4.12270626791681,6.713398120288263,9.268182557772908,0.00932229641566665,0.007183508793065984,0.009921068251266553,0.013875788140881692
22,ursa_minor_1,227.242,67.2221,Ursa Minor,MW,1,1,18.3,0.11,0.11,50.0,1.0,1.0,0.55,0.01,0.01,,Munoz2018ApJ...860...66M,19.1,,,Nemec1988AJ.....96..528N,10.37,0.05,0.05,Munoz2018ApJ...860...66M,-247.0,0.4,0.4,8.6,0.3,0.3,,Spencer2018AJ....156..257S,-0.12,0.005,0.005,0.071,0.005,0.005,Pace2022ApJ...940..136P,-2.13,0.02,0.02,0.35,0.01,0.01,,Pace2020MNRAS.495.3022P,13.53,0.3,0.3,77.3,0.7,0.7,Munoz2018ApJ...860...66M,17.32,0.11,0.11,0.82,0.01,0.01,Munoz2018ApJ...860...66M,,,,,,,,,,,,0.046,Spekkens2014ApJ...795L...5S,-8.730000000000002,0.05,0.05,5.7250299956639825,66.06934480075965,,,351.70391842963915,235.93016086851426,26.704521251259685,,1.674933117796639,-2.13,0.02,0.02,spectroscopic,104.98172790206694,44.81255528866026,31.760450966825402,31.24220172393884,31.76485125308971,32.30901154067963,80.49753527454504,80.24720476498864,80.49029714858347,80.74618967668584,0.4341524905223942,0.42822056479912435,0.433949007693212,0.4398020928596035,0.7434252803536701,0.7370036081774026,0.7436307060768337,0.7494442136728041,-1.7045425943602388,-1.775504299749884,-1.6992928913369365,-1.6236972673056171,0.005955494429857952,0.005737987433944885,0.005949987957902244,0.006186780316807461
23,columba_1,82.85696,-28.04253,Columba I,MW,1,1,2.2,0.2,0.2,24.0,9.0,9.0,0.3,0.1,0.1,,Carlin2017AJ....154..267C,21.31,0.11,0.11,Carlin2017AJ....154..267C,17.11,0.2,0.2,Carlin2017AJ....154..267C,153.7,4.9,4.9,,,,6.7,Fritz2019A&A...623A.129F,0.169,0.073,0.071,-0.4,0.079,0.079,Pace2022ApJ...940..136P,-2.37,0.34,0.35,0.71,0.24,0.49,,Fritz2019A&A...623A.129F,2.1,0.6,0.6,8.9,2.5,2.5,Carlin2017AJ....154..267C,,,,,,,,,,,,,,,,,,,0.66,Putman2021ApJ...913...53P,-4.199999999999999,0.2,0.2,3.9130299956639814,182.8100216142741,9.029938739336473,9.499151276741685,116.9900153697397,97.88086936346832,29.324102044723418,,3.715719221656932,-2.37,0.34,0.35,spectroscopic,231.6332921629405,-28.8854683918113,187.27823768673048,175.90778637022163,186.4391751070006,196.17838528267802,1014.5593269068785,217.55709531745526,277.77922893957043,345.51409820846,0.6883468395330828,0.08630761258118202,0.20071697976308306,0.2909431147003029,0.0,0.0,0.0,0.0,40.12212916647909,27.418203431931268,39.2652660690513,52.403682094966065,0.057526774334397804,0.043108461365128685,0.05870545746482171,0.07961351903125759
24,sextans_1,153.2628,-1.6133,Sextans,MW,1,1,16.5,0.1,0.1,57.0,1.0,1.0,0.3,0.01,0.01,,Munoz2018ApJ...860...66M,19.67,0.1,0.1,Lee2009ApJ...703..692L,10.95,0.06,0.06,Munoz2018ApJ...860...66M,224.3,0.1,0.1,7.9,1.3,1.3,,Walker2009AJ....137.3100W,-0.409,0.008,0.009,0.037,0.009,0.009,Pace2022ApJ...940..136P,-1.97,0.04,0.04,0.38,0.03,0.03,,Simon2019ARA&A..57..375S,20.1,0.5,0.5,60.5,0.6,0.6,Munoz2018ApJ...860...66M,17.67,0.17,0.17,0.6,0.01,0.01,Munoz2018ApJ...860...66M,,,,,,,,,,,,0.23,Putman2021ApJ...913...53P,-8.720000000000002,0.06,0.06,5.721029995663983,85.90135215053961,3.8661977175578386,4.0484060024640485,412.29689240905765,344.9523289428791,27.539396897108745,,2.6019031221326574,-1.97,0.04,0.04,spectroscopic,243.49726224095977,42.27355201861598,71.02835630073601,65.8433491415865,70.7672155505121,75.81893736006047,159.55023325681444,114.00092898506081,120.46123597701242,127.90182330249061,0.3839119543837097,0.2536947881436001,0.2620803093196647,0.27036969085426127,0.20148663950716933,0.3140621090552115,0.3584648811579111,0.4042949755520504,-14.310311576211356,-15.288445450516484,-14.257306333645243,-13.288490735774047,0.02884743941473215,0.025907331707102684,0.02871359335831285,0.031490015975153426
25,segue_2,34.8226,20.1624,Segue 2,MW,1,1,3.76,0.28,0.28,164.0,14.0,14.0,0.22,0.07,0.07,,Munoz2018ApJ...860...66M,17.81,0.15,0.14,Boettcher2013AJ....146...94B,15.86,0.88,0.88,Munoz2018ApJ...860...66M,-40.2,0.9,0.9,,,,2.6,Kirby2013ApJ...770...16K,1.446,0.059,0.059,-0.322,0.05,0.049,Pace2022ApJ...940..136P,-2.22,0.13,0.13,0.43,,,,Kirby2013ApJ...770...16K,0.2,0.03,0.03,8.41,1.69,1.69,Munoz2018ApJ...860...66M,3.64,0.29,0.29,0.82,0.16,0.16,Munoz2018ApJ...860...66M,,,,,,,,,,,,0.95,Putman2021ApJ...913...53P,-1.9499999999999993,0.88,0.88,3.013029995663981,36.475394692560734,2.434575722460643,2.4291198068673125,39.894585956578034,35.23394430296584,29.355418804055066,,2.473898891403911,-2.22,0.13,0.13,spectroscopic,149.44620340870455,-38.14448358760735,16.438024724495094,13.766363727582913,16.55207984944677,20.41896597852696,44.84902136779362,42.2483128904395,44.97847065324534,47.86570056463383,0.46357262186394177,0.39765449071279996,0.45927289656799575,0.5111403042310065,0.9104541827423527,0.8798318736100217,0.9097133056959333,0.9272004588193128,1.1517728675204135,0.4836714022482324,1.158147511354377,1.932981820468745,-0.018985091237819218,-0.02281494079426293,-0.01888006904479,-0.01462411324159798
26,canes_venatici_1,202.0091,33.5521,Canes Venatici I,MW,1,1,7.12,0.21,0.21,80.0,2.0,2.0,0.44,0.03,0.03,,Munoz2018ApJ...860...66M,21.62,0.06,0.06,Kuehn2008ApJ...674L..81K,12.89,0.06,0.06,Munoz2018ApJ...860...66M,30.9,0.6,0.6,7.6,0.4,0.4,,Simon2007ApJ...670..313S,-0.096,0.031,0.03,-0.116,0.02,0.02,Pace2022ApJ...940..136P,-1.91,0.04,0.04,0.39,0.02,0.03,,Simon2019ARA&A..57..375S,6.7,0.5,0.5,30.9,1.0,1.0,Munoz2018ApJ...860...66M,7.67,0.23,0.23,0.78,0.04,0.04,Munoz2018ApJ...860...66M,,,,,,,,,,,,0.104,Spekkens2014ApJ...795L...5S,-8.73,0.06,0.06,5.725029995663982,210.86281499332887,5.7465971107722,5.907595488640766,436.7230464766608,326.81360256476347,27.412112045048723,,3.037208625413844,-1.91,0.04,0.04,spectroscopic,74.30428311054423,79.82875906695921,48.81528652208398,63.00290083900693,83.32046191219766,104.90766947935658,248.53724274757943,204.76707126400618,210.30821444120866,216.14229607033752,0.6716672520527691,0.3364997636821217,0.43595266799037935,0.536486042486918,0.8102113064807998,1.0,1.0,1.0,-0.053959440566041225,-0.9969151446093694,-0.09450240230937351,0.79697764702434,0.03576864603207512,0.03442919383195905,0.03623523959988889,0.03871761390238908
27,phoenix_2,354.9919,-54.4019,Phoenix II,LMC,1,1,1.5,0.17,0.2,-33.0,5.0,5.0,0.44,0.06,0.06,,Richstein2024arXiv240208731R,19.6,0.2,0.2,MutluPakdil2018ApJ...863...25M,17.0,0.09,0.13,Richstein2024arXiv240208731R,32.4,3.75,3.75,,,,21.2,Fritz2019A&A...623A.129F,0.507,0.048,0.047,-1.199,0.057,0.058,Pace2022ApJ...940..136P,-2.51,0.17,0.19,0.33,0.16,0.29,,Fritz2019A&A...623A.129F,,,,,,,,1.61,0.27,0.27,1.14,0.27,0.27,Munoz2018ApJ...860...66M,,,,,,,,,,,,0.51,Putman2021ApJ...913...53P,-2.6000000000000014,0.09,0.13,3.273029995663982,83.17637711026708,7.318619607348566,8.02470682532389,36.29254101136518,27.15885083199415,28.14017003370439,,2.919745462213,-2.51,0.17,0.19,spectroscopic,323.6963295536009,-59.75064564196422,79.14081907632402,73.17731371400018,80.47526687585167,88.10792001256863,371.82421972088446,140.7171478991547,214.6800095179384,282.49768017459115,0.6490157228710923,0.3132576404223368,0.45073653068993785,0.5283456213568146,0.0038313963265155554,0.0,0.0,0.0,-7.63435113184871,-9.95860597611019,-7.663191342888982,-5.688554614347043,0.04403839167147276,0.02732901915194431,0.0448536206057346,0.06440560898757265
28,tucana_4,0.717,-60.83,Tucana IV,MW,1,1,9.3,0.9,1.4,27.0,8.0,9.0,0.39,0.1,0.07,,Simon2020ApJ...892..137S,18.36,0.18,0.18,Simon2020ApJ...892..137S,15.36,0.4,0.3,Simon2020ApJ...892..137S,15.9,1.7,1.8,4.3,1.0,1.7,,Simon2020ApJ...892..137S,0.534,0.053,0.05,-1.707,0.055,0.054,Pace2022ApJ...940..136P,-2.49,0.16,0.15,,,,0.64,Simon2020ApJ...892..137S,,,,,,,,,,,,,,,,,,,,,,,,,,0.44,Putman2021ApJ...913...53P,-3.0,0.4,0.3,3.4330299956639814,46.98941086052151,3.7380277570206246,4.061089137019138,127.11858962871476,99.28279234493804,30.55497984705675,,2.359627962601251,-2.49,0.16,0.15,spectroscopic,313.30931748484835,-55.308896738565736,31.579550755518266,22.602617230356493,31.073420721419936,47.90769549172539,61.34266584705922,50.03757095023468,60.58463155147423,82.743491422809,0.32030138948187103,0.29406316382739517,0.33087286455960274,0.40078393012702895,0.43344385501096716,0.0,0.44435047216836143,0.6676346707759506,-0.8408583500879577,-1.394235623936525,-0.8088444022797261,-0.38721161848385155,-0.0017671429323905827,-0.01182666652081181,-0.0023530643146272723,0.008803123445776483
29,sagittarius_1,283.8313,-30.5454,Sagittarius,MW,1,1,342.0,12.0,12.0,102.0,2.0,2.0,0.64,0.02,0.02,,McConnachie2012AJ....144....4M,17.1,0.15,0.15,McConnachie2012AJ....144....4M,3.6,0.3,0.3,McConnachie2012AJ....144....4M,140.0,2.0,2.0,11.4,0.7,0.7,,McConnachie2012AJ....144....4M,-2.692,0.001,0.001,-1.359,0.001,0.001,Gaia_Helmi2018A&A...616A..12G,-0.53,0.02,0.03,0.17,0.02,0.02,,Simon2019ARA&A..57..375S,,,,,,,,,,,,,,,,,,,,,,,,,,0.73,Putman2021ApJ...913...53P,-13.500000000000002,0.3,0.3,7.633029995663982,26.302679918953814,1.755590762103477,1.8811493936907375,2616.6896900984543,1570.0138140590725,26.0475555706159,,2.0754981462355198,-0.53,0.02,0.03,spectroscopic,5.568822804053598,-14.16650287103217,15.107849478891632,13.169783472496315,15.179816814130756,17.262907831907032,45.75301149142799,36.26112281282587,46.0509080842662,60.436491023318965,0.5035282367674895,0.4669108203315491,0.503834932686902,0.5552462217365844,0.11723605084572658,0.07556639938760934,0.11551864945425755,0.16645917620564393,-1.2356888421403063,-1.753813603486014,-1.2490670303578957,-0.8340213160626035,-0.019069395345168848,-0.02896672630424045,-0.01877432010549243,-0.008035035207672908
30,reticulum_2,53.9203,-54.0513,Reticulum II,LMC,1,1,6.3,0.4,0.4,68.0,2.0,2.0,0.6,0.1,0.1,,MutluPakdil2018ApJ...863...25M,17.5,0.1,0.1,MutluPakdil2018ApJ...863...25M,14.4,0.1,0.1,MutluPakdil2018ApJ...863...25M,64.3,1.2,1.2,3.6,0.7,1.0,,Walker2015ApJ...808..108W,2.377,0.024,0.023,-1.379,0.025,0.026,Pace2022ApJ...940..136P,-2.65,0.07,0.07,0.28,0.09,0.09,,Simon2015ApJ...808...95S,,,,,,,,5.59,0.21,0.21,0.6,0.05,0.05,Munoz2018ApJ...860...66M,,,,,,,,,,,,0.6,Putman2021ApJ...913...53P,-3.0999999999999996,0.1,0.1,3.4730299956639814,31.622776601683793,1.4232593976636636,1.4903355465753556,57.951764883810576,36.651914291880914,28.291095501311727,,2.1503265364987074,-2.65,0.07,0.07,spectroscopic,266.3006675822484,-49.737613541614714,27.181647460396846,24.182210020259696,27.051174154231933,29.729270282163544,54.85881910515528,46.136595527408964,54.23205126805522,66.53920014822596,0.3373599981009831,0.3137704593433362,0.3354298669862863,0.37313097541332607,0.20808431739577166,0.12487288996088142,0.21500104299104467,0.3350455354017259,1.6857580347126602,1.4817535053032556,1.6752244905007183,1.8748728626237496,-0.006840620798093284,-0.013592092857047277,-0.007247329625772932,-0.0001342531690394969
31,segue_1,151.7504,16.0756,Segue 1,MW,1,1,3.62,0.42,0.42,77.0,15.0,15.0,0.33,0.1,0.1,,Munoz2018ApJ...860...66M,16.8,0.2,0.2,Belokurov2007ApJ...654..897B,15.5,0.73,0.73,Munoz2018ApJ...860...66M,208.5,0.9,0.9,3.7,1.1,1.4,,Simon2011ApJ...733...46S,-2.102,0.051,0.051,-3.375,0.046,0.044,Pace2022ApJ...940..136P,-2.5,,,,,,,Simon2011ApJ...733...46S,3.24,1.56,1.56,16.4,2.6,2.6,Munoz2018ApJ...860...66M,3.95,0.48,0.48,0.85,0.28,0.28,Munoz2018ApJ...860...66M,,,,,,,,,,,,0.089,Spekkens2014ApJ...795L...5S,-1.3000000000000007,0.73,0.73,2.7530299956639817,22.90867652767775,2.0157152191373378,2.210187787418075,24.123187238499888,19.745679752905314,28.74797306975379,,1.0415652927599774,-2.5,,,spectroscopic,220.47758312163083,50.408963927190584,19.769048721064376,15.100737780231663,19.896761985427695,24.155593378266147,50.366281436650304,38.84300769101503,50.70808307296906,73.86912258502086,0.4362599084766741,0.43132753976920285,0.4495228975442601,0.5147964165198041,0.25873662637317135,0.11252123652820285,0.25431981957096306,0.447746928068951,2.921908270080751,2.285924566828298,2.946112058997233,3.6548203063317044,-0.01314550003691077,-0.025007055193378782,-0.012883222896230938,0.0011369147029636224
32,canes_venatici_2,194.2927,34.3226,Canes Venatici II,MW,1,1,1.52,0.24,0.24,9.0,15.0,15.0,0.4,0.13,0.13,,Munoz2018ApJ...860...66M,21.02,0.06,0.06,Greco2008ApJ...675L..73G,15.85,0.32,0.32,Munoz2018ApJ...860...66M,-128.9,1.2,1.2,4.6,0.8,0.8,,Simon2007ApJ...670..313S,-0.124,0.115,0.117,-0.254,0.08,0.082,Pace2022ApJ...940..136P,-2.35,0.19,0.16,0.57,0.12,0.15,,Simon2019ARA&A..57..375S,0.89,0.65,0.65,5.37,4.0,4.0,Munoz2018ApJ...860...66M,1.51,0.23,0.23,0.59,0.49,0.49,Munoz2018ApJ...860...66M,,,,,,,,,,,,0.4,Putman2021ApJ...913...53P,-5.17,0.32,0.32,4.301029995663981,159.9558028614668,4.359239700959279,4.481369460026087,70.72447057929026,54.782939344585515,27.093839728861628,,3.382235277443026,-2.35,0.19,0.16,spectroscopic,113.57437620140458,82.7012046124419,13.953432589419606,156.11436894135502,160.31550771764813,164.73886740377824,193.17111378194735,191.53009085920579,205.2921469818903,237.93008085711412,0.8652652924641622,0.09018799952186739,0.12041543636930373,0.19311496438094855,0.8180430095488209,0.0,0.0,0.0,-0.963426376934843,-3.105361029640682,-1.1137720649071832,1.025053586824325,0.027764782967264933,0.02789013050752144,0.03162360213681204,0.03920562578288431
33,ursa_major_3,174.70749999999995,31.078333333333333,Ursa Major III,MW,1,0,0.9,0.3,0.4,169.0,12.0,18.0,0.5,0.3,0.2,,Smith2024ApJ...961...92S,15.0,0.2,0.2,Smith2024ApJ...961...92S,17.2,0.3,0.4,Smith2024ApJ...961...92S,88.6,1.3,1.3,3.7,1.0,1.4,,Smith2024ApJ...961...92S,-0.75,0.09,0.09,1.15,0.14,0.14,Smith2024ApJ...961...92S,,,,,,,,,,,,,,,,,,,,,,,12.0,,,Smith2024ApJ...961...92S,-2.2,,,Smith2024ApJ...961...92S,,,,,,2.1999999999999993,0.3,0.4,1.3530299956639815,10.0,0.8798916064409035,0.96478196143185,2.6179938779914944,1.8512012242326528,27.107881281313396,,,-2.2,,,photometric,194.61641409933927,73.67655527359207,12.666352996559427,12.049882793914593,12.707061526684825,13.414647015987537,25.880681930291342,23.490662074922557,25.986534442880917,28.75186656850818,0.3428105160048818,0.318530251594988,0.3420812479788987,0.36621999596201377,0.1316015956702871,0.1081955128625624,0.12830045968788237,0.15097929540245994,-2.910137158517871,-3.046365678596752,-2.9147207014012553,-2.787631705481557,-0.041777715999678125,-0.045912135349666414,-0.041611872803658384,-0.037296520425795815
34,pisces_2,344.6364583,5.9555444,Pisces II,MW,1,1,1.34,0.07,0.08,98.0,3.0,3.0,0.37,0.03,0.04,,Richstein2022ApJ...933..217R,21.31,0.17,0.17,Sand2012ApJ...756...79S,17.03,0.16,0.19,Richstein2022ApJ...933..217R,-226.5,2.7,2.7,5.4,2.4,3.6,,Kirby2015ApJ...810...56K,0.681,0.307,0.309,-0.645,0.209,0.215,Pace2022ApJ...940..136P,-2.45,0.07,0.07,0.48,0.29,0.7,,Kirby2015ApJ...810...56K,0.72,0.58,0.58,7.65,2.69,2.69,Munoz2018ApJ...860...66M,1.22,0.2,0.2,1.12,0.34,0.34,Munoz2018ApJ...860...66M,,,,,,,,,,,,0.2,Putman2021ApJ...913...53P,-4.279999999999998,0.16,0.19,3.9450299956639805,182.8100216142741,13.76592844994775,14.886942396912104,71.25755481611418,56.55893072339731,28.053119044255382,,3.1972052817790444,-2.45,0.07,0.07,spectroscopic,79.21748109897271,-47.10789166882649,181.9644436936581,167.54854370708742,181.1679022597479,195.50883352864886,6143.927233400823,507.60980586486187,715.6762770047025,944.4074355315207,0.9424699463784574,0.4779667592825128,0.5948117083097937,0.6746229856320921,0.0,0.0,0.0,0.0,23.36224401200921,-6.233887531168212,25.219592743692836,55.79731718319978,0.24835357655133763,0.14392972605630966,0.2734603945552516,0.46386349466364873
35,bootes_5,213.909,32.914,Bootes V,MW,1,0,0.76,0.07,0.08,18.0,13.0,15.0,0.2,0.1,0.1,,Cerny2023ApJ...953....1C,20.04,0.15,0.15,Cerny2023ApJ...953....1C,16.84,0.3,0.3,Cerny2023ApJ...953....1C,5.1,13.4,13.4,,,,,Smith2023AJ....166...76S,-0.22,0.05,0.05,-0.28,0.07,0.07,Cerny2023ApJ...953....1C,-2.85,0.1,0.1,,,,,Smith2023AJ....166...76S,,,,,,,,,,,,,,,,,,,-2.2,,,Cerny2023ApJ...953....1C,,,,,,-3.1999999999999993,0.3,0.3,3.513029995663981,101.8591388054117,6.798659439783606,7.284894839463789,22.518513041737865,20.14117036541657,26.89103664866456,,,-2.85,0.1,0.1,spectroscopic,55.667950206410545,70.91768107212884,13.094679609185851,9.049571185935271,15.770097528609126,25.02398179501559,110.10213279450105,96.75363878165679,102.42432689327646,108.28228797208953,0.7874185321243918,0.5980614210826646,0.733860837641944,0.8409261288343278,0.9029911577929955,0.9498947976223976,1.0,1.0,-0.14107295547586127,-1.1088651487085481,-0.095591179371163,0.8108473966448255,0.01135219083037107,0.009526428800367573,0.012350245561972764,0.015010006878817166
36,sextans_2,156.437,-0.631,Sextans II,MW,1,0,4.2,0.5,0.5,-17.0,9.0,9.0,0.43,0.08,0.07,,Homma2023arXiv231105439H,20.5,0.2,0.2,Homma2023arXiv231105439H,16.59,0.36,0.37,Homma2023arXiv231105439H,,,,,,,,,,,,,,,,,,,,,,,,,,,,,,,,,,,,,,,,,,,,,,,,,,,-3.91,0.36,0.37,3.7970299956639817,125.89254117941661,11.077179029728214,12.145885280871767,153.80675430983555,116.12155300656244,29.985176723425738,,,,,,,245.32633720477145,45.32232847849302,,,,,,,,,,,,,,,,,,,,,,,,
37,fornax_1,39.9583,-34.4997,Fornax,MW,1,1,19.9,0.06,0.06,42.7,0.3,0.3,0.29,0.002,0.002,,Wang2019ApJ...881..118W,20.77,0.048,0.048,Oakes2022ApJ...929..116O,7.377,0.2,0.2,Munoz2018ApJ...860...66M,55.2,0.1,0.1,12.1,0.2,0.2,,Walker2009AJ....137.3100W,0.381,0.001,0.001,-0.359,0.002,0.002,Pace2022ApJ...940..136P,-1.07,0.01,0.02,0.27,0.01,0.01,,Simon2019ARA&A..57..375S,17.6,0.2,0.2,69.1,0.4,0.4,Munoz2018ApJ...860...66M,,,,,,,,,,,,,,,,,,,0.75,Putman2021ApJ...913...53P,-13.393,0.2,0.2,7.590229995663981,142.5607593602188,3.1167054730727273,3.186366765434002,825.2379539347492,695.3578598363808,24.388637781445354,,3.555236549506764,-1.07,0.01,0.02,spectroscopic,237.23818769374955,-65.67407928340758,85.45788900562715,130.26331383453598,142.52428047356574,147.66081297337612,152.82335362982244,148.4078086102832,153.17086237372894,158.3063275376545,0.2827140897836378,0.032325427113712786,0.04071521650208995,0.06524269219638856,0.8772551206643422,0.0,0.2100454924657041,0.6280264528671727,5.634265796658379,5.224930284014992,5.661674404825141,6.085226122146644,0.029573105205728385,0.027871989381949944,0.02972064670192203,0.03138859670537731
38,bootes_4,233.689,43.726,Bootes IV,MW,1,0,7.6,0.8,0.8,3.0,4.0,4.0,0.64,0.05,0.05,,Homma2019PASJ...71...94H,21.6,0.2,0.2,Homma2019PASJ...71...94H,16.26,0.17,0.29,Homma2023arXiv231105439H,,,,,,,,,0.469,0.244,0.18,0.489,0.255,0.256,Pace2022ApJ...940..136P,,,,,,,,,,,,,,,,,,,,,,,,,,,,,,,,,,,,-5.34,0.17,0.29,4.369029995663982,208.9296130854041,18.38354128907926,20.15715219137337,461.8912227460298,277.1347336476179,30.444066687857926,,,,,,,70.68225012092026,53.30500378820781,,,,,,,,,,,,,,,,,,,,,,,,
39,eridanus_4,76.438,-9.515,Eridanus IV,MW,1,1,4.9,0.8,1.1,65.0,8.0,9.0,0.54,0.14,0.1,,Cerny2021ApJ...920L..44C,19.42,0.08,0.01,Cerny2021ApJ...920L..44C,14.72,0.2,0.2,Cerny2021ApJ...920L..44C,-31.5,1.2,1.3,6.1,0.9,1.2,,Heiger2024ApJ...961..234H,0.25,0.06,0.06,-0.1,0.05,0.05,Cerny2021ApJ...920L..44C,-2.87,0.07,0.08,0.2,0.09,0.09,,Heiger2024ApJ...961..234H,,,,,,,,,,,,,,,,,,,,,,,,,,,,-4.700000000000001,0.2,0.2,4.1130299956639815,76.5596606911257,2.7692376782155463,0.3533833375354476,109.12448251703537,74.01182496683181,28.217118050979202,,,-2.87,0.07,0.08,spectroscopic,209.49865352981547,-27.771546471021285,32.17384362895824,81.0940686700381,82.77246839738078,84.41730649792115,126.77878791728628,120.99174490380439,127.34738973223693,136.02112708737772,0.5951769616396969,0.189743416424634,0.2116216466580857,0.2432820625031707,0.5359550731857763,0.0,0.0,0.0,-10.015051352618384,-11.49074569022953,-9.96426378734463,-8.602566071123325,0.018585862757405248,0.016430029829982054,0.01875554897617641,0.021467689226029308
40,ursa_major_2,132.8726,63.1335,Ursa Major II,MW,1,1,13.8,0.5,0.5,-76.0,2.0,2.0,0.56,0.03,0.03,,Munoz2018ApJ...860...66M,17.7,0.13,0.13,DallOra2012ApJ...752...42D,13.28,0.26,0.26,Munoz2018ApJ...860...66M,-116.5,1.9,1.9,6.7,1.4,1.4,,Simon2007ApJ...670..313S,1.731,0.021,0.021,-1.906,0.025,0.024,Pace2022ApJ...940..136P,-2.23,0.24,0.21,0.67,0.15,0.2,,Simon2019ARA&A..57..375S,11.7,1.2,1.2,59.8,3.1,3.1,Munoz2018ApJ...860...66M,13.95,0.46,0.46,0.89,0.1,0.1,Munoz2018ApJ...860...66M,,,,,,,,,,,,0.31,Spekkens2014ApJ...795L...5S,-4.42,0.26,0.26,4.001029995663981,34.673685045253166,2.0149018280195676,2.1392123189999595,139.18909260301297,92.32759901484523,28.977265739206977,,1.9435369799493367,-2.23,0.24,0.21,spectroscopic,152.4603049537961,37.44100618127263,38.92350173633494,38.633681208070506,40.589827007683255,42.65134379832136,110.28414576280124,79.41657286453069,107.58711081150872,152.32188968402468,0.4782639846049408,0.3455575699130567,0.4524714453107208,0.56278803465049,0.024954708866621298,0.0,0.0,0.0,1.645493651924594,1.0940948743274839,1.6091308765686754,2.220198302500499,0.016107991969106106,0.006936255872220369,0.01546128492986235,0.025339257571491806
41,hydra_2,185.4286,-31.9728,Hydra II,MW,1,1,1.52,0.28,0.28,16.0,25.0,25.0,0.24,0.16,0.16,,Munoz2018ApJ...860...66M,20.9,0.11,0.11,Vivas2016AJ....151..118V,15.8,0.22,0.11,Richstein2024arXiv240208731R,303.1,1.4,1.4,,,,4.5,Kirby2015ApJ...810...56K,-0.394,0.14,0.14,0.0,0.104,0.103,Pace2022ApJ...940..136P,-2.02,0.08,0.08,0.4,0.26,0.48,,Kirby2015ApJ...810...56K,,,,,,,,1.5,0.32,0.32,1.2,0.46,0.46,Munoz2018ApJ...860...66M,,,,,,,,,,,,0.6,Putman2021ApJ...913...53P,-5.099999999999998,0.22,0.11,4.273029995663981,151.35612484362073,7.476267018036367,7.864747861496255,66.92212228004617,58.3413536211986,27.30049556096366,,3.5103265364987073,-2.02,0.08,0.08,spectroscopic,295.6184145143678,30.476498747300045,92.34144050382054,52.72418597306674,101.92201810889145,127.70193752556966,425.8487170133052,143.9734981419333,157.8264599497505,236.448533125469,0.6436001758649045,0.20893042668221373,0.2967159728643744,0.48222948197597637,0.16856961839187368,0.20015616508898632,0.9999999999999996,1.0,-21.475915127649717,-34.61317760966627,-21.79265203163929,-7.726999040516707,0.04636341656452631,0.035821623738959904,0.04986090971044487,0.07260236991826419
42,sculptor_1,15.0183,-33.7186,Sculptor,MW,1,1,11.17,0.05,0.05,92.0,1.0,1.0,0.33,0.01,0.01,,Munoz2018ApJ...860...66M,19.62,0.04,0.04,MartinezVazquez2015MNRAS.454.1509M,8.85,0.14,0.14,Munoz2018ApJ...860...66M,111.4,0.1,0.1,9.2,1.1,1.1,,Walker2009AJ....137.3100W,0.1,0.002,0.002,-0.158,0.002,0.002,Pace2022ApJ...940..136P,-1.73,0.02,0.03,0.44,0.02,0.02,,Simon2019ARA&A..57..375S,7.03,0.05,0.05,74.1,0.4,0.4,Munoz2018ApJ...860...66M,12.33,0.05,0.05,1.16,0.01,0.01,Munoz2018ApJ...860...66M,,,,,,,,,,,,1.84,Putman2021ApJ...913...53P,-10.770000000000001,0.14,0.14,6.541029995663982,83.94599865193982,1.5321871506395155,1.5606726365285937,272.7591260970244,223.26296688517857,24.54469150046905,,3.484993109124601,-1.73,0.02,0.03,spectroscopic,287.69611404616234,-83.15235602609387,48.09868460858579,47.5335439327483,48.068025416194125,48.5831732744409,102.03221125100995,88.33716955450923,88.51833185368054,88.66618549596805,0.3592433544982204,0.29187638494876195,0.29616305550277716,0.3002483454078115,0.6663483533859846,0.8555650904553526,0.8869448105095117,0.9218499326555513,-0.6059795671231603,-0.6267741211901685,-0.6063658622621827,-0.5875360877667368,0.015981380191248815,0.015468115097475645,0.015956093179196912,0.016441151772413554
43,leo_1,152.1146,12.3059,Leo I,MW,1,1,3.65,0.03,0.03,78.0,1.0,1.0,0.3,0.1,0.1,,Munoz2018ApJ...860...66M,22.06,0.08,0.08,Stetson2014PASP..126..616S,10.24,0.28,0.28,Munoz2018ApJ...860...66M,282.9,0.5,0.5,9.2,0.4,0.4,,Mateo2008ApJ...675..201M,-0.05,0.014,0.014,-0.12,0.01,0.01,Pace2022ApJ...940..136P,-1.48,0.01,0.02,0.26,0.01,0.01,,Simon2019ARA&A..57..375S,3.6,0.1,0.1,13.5,0.3,0.3,Munoz2018ApJ...860...66M,3.3,0.03,0.03,0.77,0.02,0.02,Munoz2018ApJ...860...66M,,,,,,,,,,,,0.23,Spekkens2014ApJ...795L...5S,-11.819999999999999,0.28,0.28,6.961029995663981,258.22601906345955,9.3402872352205,9.690813418443042,274.1694000243133,229.38657749917354,23.55345259922516,,3.557903122132657,-1.48,0.01,0.02,spectroscopic,225.98469978313517,49.109989115355695,30.867912051979516,27.652804416769733,38.022194139159225,49.46838095990451,715.165473545927,253.1371553085342,262.2270603859652,271.7267268861295,0.9172479070028736,0.6878216351835897,0.7468562804621679,0.807195525148065,0.33770962800248455,1.0,1.0,1.0,-8.524675500966152,-10.818356231918873,-8.556128707971645,-6.180137952620161,0.05205093265239136,0.0513671691927139,0.05229559653334788,0.0531972219834121
44,reticulum_3,56.36,-60.45,Reticulum III,MW,1,1,2.4,0.8,0.9,,,,,,,0.4,DrlicaWagner2015ApJ...813..109D,19.81,0.31,0.31,DrlicaWagner2015ApJ...813..109D,16.51,0.29,0.29,DrlicaWagner2015ApJ...813..109D,274.2,7.45,7.45,,,,8.3,Fritz2019A&A...623A.129F,0.26,0.144,0.14,-0.502,0.226,0.222,Pace2022ApJ...940..136P,-2.81,0.29,0.29,0.35,0.09,0.21,,Fritz2019A&A...623A.129F,,,,,,,,,,,,,,,,,,,,,,,,,,0.5,Putman2021ApJ...913...53P,-3.299999999999997,0.29,0.29,3.55302999566398,91.62204901219992,12.189225539771712,14.05970190916571,63.964256907460275,63.964256907460275,29.300299603856786,,2.9951452904510822,-2.81,0.29,0.29,spectroscopic,273.8781906554428,-45.64775446968146,60.92777046767024,25.23041579707023,62.69421055019569,88.77093672000457,134.92957052255773,95.22034344034851,110.29189340861635,200.38375259509823,0.37783521251102714,0.2712285273125822,0.37916919552277956,0.5900378591564088,0.41438557581649726,0.061561780208927996,0.5881164053337751,0.8875688403321288,11.494855918989701,5.089618223926297,11.038479168330133,17.55244292161234,0.024288445304387035,0.01169241204394829,0.025635813832086976,0.049480797889244824
45,virgo_3,186.348,4.441,Virgo III,MW,0,0,1.0,0.2,0.2,-24.0,26.0,21.0,0.29,0.19,0.15,,Homma2023arXiv231105439H,20.9,0.2,0.2,Homma2023arXiv231105439H,18.21,0.56,0.45,Homma2023arXiv231105439H,,,,,,,,,,,,,,,,,,,,,,,,,,,,,,,,,,,,,,,,,,,,,,,,,,,-2.6899999999999977,0.56,0.45,3.3090299956639804,151.35612484362073,13.317698383332356,14.602565900135232,44.02771202634615,37.098409570427066,28.727389576394053,,,,,,,286.47587717713157,66.47700838729503,,,,,,,,,,,,,,,,,,,,,,,,
46,bootes_3,209.3,26.8,Bootes III,MW,1,1,40.6,3.8,4.2,279.0,9.0,7.0,0.33,0.09,0.08,,Moskowitz2020ApJ...892...27M,18.34,0.02,0.02,Carlin2018ApJ...865....7C,12.6,0.5,0.5,Correnti2009MNRAS.397L..26C,197.5,3.6,3.6,10.7,3.5,3.5,,Carlin2009ApJ...702L...9C,-1.176,0.019,0.019,-0.89,0.015,0.015,Pace2022ApJ...940..136P,-2.1,0.2,0.2,0.55,0.19,0.19,,Carlin2009ApJ...702L...9C,,,,,,,,,,,,,,,,,,,,,,,,,,0.21,Putman2021ApJ...913...53P,-5.74,0.5,0.5,4.529029995663982,46.55860935229591,0.42685189625800035,0.43080150822559915,549.8600291817327,450.07983140045616,31.09699328412462,,2.030394580848984,-2.1,0.2,0.2,spectroscopic,35.405238046275635,75.35347544349709,9.015759554097658,8.364129457578953,9.035790047194059,9.664156673684872,110.6576681990684,106.61294134912708,110.34269660430095,114.72462421214807,0.8493272947325746,0.8404111979069651,0.849363544478831,0.8572480293519962,0.3598049379240609,0.3454727356403123,0.36061353475614577,0.3748452401097224,-0.012166495577890823,-0.03777453637579396,-0.0125753089778557,0.01100904844666444,0.010853736128401343,0.009567228985391075,0.010754782600764845,0.012061401161341353
47,grus_1,344.166,-50.168,Grus I,MW,1,1,4.16,0.74,0.54,153.0,7.0,8.0,0.44,0.1,0.08,,Cantu2021ApJ...916...81C,20.51,0.1,0.1,MartinezVazquez2019MNRAS.490.2183M,16.38,0.3,0.3,Cantu2021ApJ...916...81C,-143.5,1.2,1.2,2.5,0.8,1.3,,Chiti2022ApJ...939...41C,0.069,0.05,0.051,-0.248,0.072,0.071,Pace2022ApJ...940..136P,-2.62,0.11,0.11,,,,0.44,Chiti2022ApJ...939...41C,,,,,,,,2.08,0.87,0.87,1.33,0.31,0.31,Munoz2018ApJ...860...66M,,,,,,,,,,,,0.65,Putman2021ApJ...913...53P,-4.130000000000003,0.3,0.3,3.8850299956639827,126.47363474711523,5.692251236437258,5.960518772351463,153.0451064689294,114.5284706258148,29.73517987517755,,3.3890886427579203,-2.62,0.11,0.11,spectroscopic,338.67942598880103,-58.2366098781317,20.424112845643663,117.35241966085381,122.9109206510552,128.72070711795743,260.6725984657014,230.49972750996494,244.39930207552365,260.34299679588696,0.85468266241634,0.3104454202036117,0.32818611101471207,0.35400987857420974,0.4259114565911333,0.0,0.0,0.0,4.235200498414371,1.8913242377975188,4.216424814264803,6.400187774190986,0.03522537953263325,0.0334422272288815,0.036131830497529646,0.0399340892003928
48,cetus_3,31.331,-4.27,Cetus III,MW,0,0,1.23,0.19,0.42,101.0,6.0,5.0,0.76,0.08,0.06,,Homma2018PASJ...70S..18H,22.0,0.2,0.2,Homma2023arXiv231105439H,18.55,0.43,0.49,Homma2023arXiv231105439H,,,,,,,,,,,,,,,,,,,,,,,,,,,,,,,,,,,,,,,,,,,,,,,,,0.57,Putman2021ApJ...913...53P,-3.4499999999999993,0.43,0.49,3.613029995663981,251.1886431509582,22.10187787418073,24.23422718285812,89.87341176532715,44.02880005361957,28.33929738731922,,3.928050141787556,,,,,163.81024062054237,-61.133255657793384,,,,,,,,,,,,,,,,,,,,,,,,
49,willman_1,162.3436,51.0501,Willman 1,MW,1,1,2.51,0.22,0.22,73.0,4.0,4.0,0.47,0.06,0.06,,Munoz2018ApJ...860...66M,17.9,0.4,0.4,Willman2006astro.ph..3486W,15.37,0.74,0.74,Munoz2018ApJ...860...66M,-14.1,1.0,1.0,4.0,0.8,0.8,,Willman2011AJ....142..128W,0.255,0.087,0.077,-1.11,0.091,0.095,Pace2022ApJ...940..136P,-2.19,0.08,0.08,,,,,Willman2011AJ....142..128W,,,,,,,,2.53,0.22,0.22,1.34,0.2,0.2,Munoz2018ApJ...860...66M,,,,,,,,,,,,10.9,Putman2021ApJ...913...53P,-2.5299999999999994,0.74,0.74,3.245029995663981,38.01893963205613,6.396163030372339,7.689879329431292,27.758745724796928,20.20867192651174,27.568301824981766,,3.569601784055688,-2.19,0.08,0.08,spectroscopic,158.57286194318016,56.783292838555305,16.69175812628555,13.48461335759333,17.26503584789289,24.326075634180047,42.7978692900803,36.32419229455687,43.28921848344466,49.71490872395391,0.4388346724896927,0.3212402278881316,0.4090952260577837,0.48529976604873215,0.9946142591896985,0.9926518646724518,0.9950967538007858,0.9968550455050069,-2.166498246662232,-2.7333373492108906,-2.1441969205245854,-1.3731655530409812,-0.02049006235792753,-0.02814655894458781,-0.019674586904270402,-0.011465523050249204
50,pictor_1,70.9475,-50.28305556,Pictor I,MW,1,0,1.29,0.15,0.15,55.0,6.0,6.0,0.44,0.09,0.07,,Moskowitz2020ApJ...892...27M,20.3,0.1,0.1,Koposov2015ApJ...805..130K,17.2,0.3,0.3,Koposov2015ApJ...805..130K,,,,,,,,,0.153,0.088,0.086,0.096,0.114,0.118,Pace2022ApJ...940..136P,,,,,,,,,,,,,,,,0.66,0.32,0.32,1.51,0.31,0.31,Munoz2018ApJ...860...66M,,,,,,,,,,,,0.61,Putman2021ApJ...913...53P,-3.1000000000000014,0.3,0.3,3.473029995663982,114.8153621496884,5.16754253536989,5.411081312052914,43.083981179707344,32.24109928653629,28.01266231001764,,3.277505121125832,,,,,257.2989820207084,-40.64500820605464,,,,,,,,,,,,,,,,,,,,,,,,
51,coma_berenices_1,186.7454,23.9069,Coma Berenices,MW,1,1,5.64,0.3,0.3,-57.0,4.0,4.0,0.37,0.05,0.05,,Munoz2018ApJ...860...66M,18.13,0.08,0.08,Musella2009ApJ...695L..83M,13.84,0.25,0.25,Munoz2018ApJ...860...66M,98.1,0.9,0.9,4.6,0.8,0.8,,Simon2007ApJ...670..313S,0.423,0.027,0.026,-1.721,0.024,0.024,Pace2022ApJ...940..136P,-2.43,0.11,0.11,0.46,0.08,0.09,,Simon2019ARA&A..57..375S,4.25,0.73,0.73,26.1,3.9,3.9,Munoz2018ApJ...860...66M,5.63,0.3,0.3,0.93,0.12,0.12,Munoz2018ApJ...860...66M,,,,,,,,,,,,0.14,Spekkens2014ApJ...795L...5S,-4.289999999999999,0.25,0.25,3.949029995663981,42.26686142656025,1.5288336461489394,1.5862083509382714,69.34341425950039,55.03962875723046,27.983989414239193,,1.770303321793301,-2.43,0.11,0.11,spectroscopic,241.8639280768836,83.61228445559438,42.634642540279856,40.860601409708224,42.54784398390029,44.21999753549659,85.69539585614613,72.52216158357496,85.57064752798837,101.97157430788072,0.3355469526382182,0.2785586254415169,0.33453284901515873,0.3946505819281834,0.01841831313654842,0.011295848497201603,0.018225800201293975,0.030316149211618675,1.4040957463307713,1.2105953912107736,1.39330152516752,1.5929002995654067,0.010534232879742497,0.005902634803381422,0.010482649370073652,0.0151398497334583
52,carina_3,114.6298,-57.8997,Carina III,LMC,1,1,3.75,1.0,1.0,150.0,14.0,14.0,0.55,0.18,0.18,,Torrealba2018MNRAS.475.5085T,17.22,0.1,0.1,Torrealba2018MNRAS.475.5085T,14.82,0.2,0.2,Torrealba2018MNRAS.475.5085T,284.6,3.1,3.4,5.6,2.1,4.3,,Li2018ApJ...857..145L,3.095,0.041,0.04,1.395,0.045,0.045,Pace2022ApJ...940..136P,,,,,,,,,,,,,,,,,,,,,,,,,,,,,,,,,,0.547,Putman2021ApJ...913...53P,-2.3999999999999986,0.2,0.2,3.1930299956639807,27.797132677592884,1.25107705783752,1.3100385030731978,30.32196798985645,20.340594491067503,27.712430983579733,,1.9981626124484948,,,,,270.00599866205437,-16.84583800626675,28.515922010071975,27.248859867899924,28.472208225619077,29.731293039249135,223.1206209513869,144.15902050982086,184.24293323591564,225.50396697704178,0.7733562727060711,0.6822401891162369,0.7323476328737342,0.7661224919439129,0.0021004128510114573,0.001769327970476726,0.0023594047005881364,0.0037173607750393433,1.7592700348213328,1.5986904610193269,1.7605528011063418,1.9226953182729827,0.03222129721119232,0.021657484863493046,0.031585583802509296,0.04315894844430024
53,horologium_1,43.8755,-54.1174,Horologium I,LMC,1,1,1.61,0.13,0.13,44.0,6.0,6.0,0.27,0.05,0.05,,Richstein2024arXiv240208731R,19.5,0.1,0.1,Koposov2015ApJ...805..130K,16.12,0.09,0.06,Richstein2024arXiv240208731R,112.8,2.6,2.5,4.9,0.9,2.8,,Koposov2015ApJ...811...62K,0.847,0.035,0.034,-0.607,0.035,0.035,Pace2022ApJ...940..136P,-2.76,0.1,0.1,0.17,0.03,0.2,,Koposov2015ApJ...811...62K,,,,,,,,1.54,0.34,0.34,0.98,0.47,0.47,Munoz2018ApJ...860...66M,,,,,,,,,,,,0.51,Putman2021ApJ...913...53P,-3.379999999999999,0.09,0.06,3.585029995663981,79.43282347242821,3.5750659695098506,3.743553637838872,37.20077548393975,31.78435650634978,27.701680162648465,,2.879745462213001,-2.76,0.1,0.1,spectroscopic,271.3897126111535,-54.736875066536555,75.65288576383806,70.74224803971852,79.76938444376336,83.46157988694951,100.40090878029035,83.16537111239964,101.04968254767641,133.0970262557902,0.14057080155832216,0.07454218401163829,0.1442165694734247,0.2391239086854516,0.16446751237144408,0.0,0.0,0.5056688504428704,1.5096307472634478,0.8882838536487189,1.50225157665544,2.1032130352089555,0.02076757082683863,0.015236772897694283,0.020866196596041442,0.02729308148814389
54,draco_1,260.0684,57.9185,Draco,MW,1,1,9.67,0.09,0.09,87.0,1.0,1.0,0.29,0.01,0.01,,Munoz2018ApJ...860...66M,19.557,0.04,0.04,Bhardwaj2024arXiv240401394B,10.69,0.05,0.05,Munoz2018ApJ...860...66M,-290.7,0.75,0.75,9.1,1.2,1.2,,Walker2015MNRAS.448.2717W,0.044,0.006,0.005,-0.188,0.006,0.006,Pace2022ApJ...940..136P,-2.0,0.02,0.02,0.34,0.02,0.02,,Simon2019ARA&A..57..375S,6.62,0.15,0.15,48.1,1.3,1.3,Munoz2018ApJ...860...66M,9.93,0.09,0.09,0.96,0.02,0.02,Munoz2018ApJ...860...66M,,,,,,,,,,,,0.098,Spekkens2014ApJ...795L...5S,-8.866999999999999,0.05,0.05,5.779829995663981,81.54550000611157,1.4883731125754025,1.5160440346806183,229.37843815617947,193.2777074641239,26.134517924030817,,2.1862013618075578,-2.0,0.02,0.02,spectroscopic,86.3710883420375,34.71264119739902,41.07623280460222,79.68174274207702,81.43779846049335,82.9364252855454,109.00439658563177,106.31707512843226,108.85573844274094,111.77999048027571,0.4526111334754954,0.1415551117197029,0.14570971809707406,0.1517765740255186,0.5954150772554833,0.0,0.0,5.3962367434041e-16,-4.733875481003693,-4.943832732253468,-4.732851046305516,-4.499404592072387,0.01621954319603732,0.015341583838804046,0.01616997062382368,0.017103861890685124
55,crater_2,177.31,-18.413,Crater II,MW,1,1,31.2,2.5,2.5,,,,,,,0.1,Torrealba2016MNRAS.459.2370T,20.35,0.02,0.02,Torrealba2016MNRAS.459.2370T,12.15,0.1,0.1,Torrealba2016MNRAS.459.2370T,89.3,0.3,0.3,2.34,0.3,0.42,,Ji2021ApJ...921...32J,-0.072,0.02,0.02,-0.112,0.013,0.013,Pace2022ApJ...940..136P,-2.16,0.04,0.04,0.24,0.05,0.05,,Ji2021ApJ...921...32J,,,,,,,,,,,,,,,,,,,,,,,,,,0.91,Putman2021ApJ...913...53P,-8.200000000000001,0.1,0.1,5.513029995663982,117.48975549395304,1.0771525529037262,1.0871193227629306,1066.30319678094,1066.30319678094,30.509957099957116,,3.4712166784361584,-2.16,0.04,0.04,spectroscopic,282.9084214418757,42.02764055906554,31.14299369653992,84.52651563332144,92.32315375947131,100.68011290495551,130.5819365680605,129.17182750227101,130.75124509101272,132.5018701185488,0.6148646514104359,0.1352930784118604,0.17225612421790096,0.2097888724087482,0.8576803082695915,0.5064680367195922,0.6289478281024867,0.7068530413610143,3.0666569441233085,2.1573424545156903,3.0820832532874434,4.018836601632893,0.01921659677034728,0.018359632378959715,0.01927775559465448,0.020292849980878633
56,carina_2,114.1066,-57.9991,Carina II,LMC,1,1,8.69,0.75,0.75,170.0,9.0,9.0,0.34,0.07,0.07,,Torrealba2018MNRAS.475.5085T,17.864,0.023,0.023,Torrealba2018MNRAS.475.5085T,13.29,0.1,0.1,Torrealba2018MNRAS.475.5085T,477.2,1.2,1.2,3.4,0.8,1.2,,Li2018ApJ...857..145L,1.885,0.019,0.018,0.133,0.019,0.019,Pace2022ApJ...940..136P,-2.44,0.09,0.09,0.22,0.07,0.1,,Li2018ApJ...857..145L,,,,,,,,,,,,,,,,,,,,,,,,,,0.72,Putman2021ApJ...913...53P,-4.574000000000002,0.1,0.1,4.062629995663982,37.39383436431516,0.39398124702920256,0.3981764318727343,94.52482753745775,76.79233291058976,28.42319941659321,,2.3751077825463325,-2.44,0.09,0.09,spectroscopic,269.9816339557042,-17.13981742085606,28.447757689484344,27.947669286204555,28.44548085797895,28.95643710016187,341.3349211313401,204.44290244112327,210.04672130196246,215.86171263152806,0.8461379652492134,0.7588759137261466,0.7614881864980223,0.7640816894180089,0.03130414185212796,0.051232112205588334,0.05395453179569762,0.056537236679158,7.199502471516513,7.040496490636595,7.200146697738031,7.35924817216323,0.040929486902342244,0.039038481720112476,0.04084465351137037,0.042718742161498256
57,hydrus_1,37.389,-79.3089,Hydrus I,LMC,1,1,7.42,0.54,0.62,97.0,14.0,14.0,0.21,0.07,0.15,,Koposov2018MNRAS.479.5343K,17.2,0.04,0.04,Koposov2018MNRAS.479.5343K,12.49,0.08,0.08,Koposov2018MNRAS.479.5343K,80.4,0.6,0.6,2.7,0.43,0.51,,Koposov2018MNRAS.479.5343K,3.781,0.016,0.016,-1.496,0.015,0.015,Pace2022ApJ...940..136P,-2.52,0.09,0.09,0.41,0.08,0.08,,Koposov2018MNRAS.479.5343K,,,,,,,,,,,,,,,,,,,,,,,,,,0.68,Putman2021ApJ...913...53P,-4.709999999999999,0.08,0.08,4.117029995663981,27.542287033381633,0.5027033922931707,0.5120493461354698,59.44701090971556,52.83765904938328,27.47532833879329,,2.084684198821299,-2.52,0.09,0.09,spectroscopic,297.4162737697785,-36.74629169957445,25.445555557592684,25.19518773322243,25.68116627245418,26.195286477836163,143.75412090044028,120.77872082216423,142.93935859581552,163.97692690561755,0.6992245364735787,0.6549212893877636,0.6955087792056137,0.7248158633311168,0.002067919104688099,0.0,0.0,0.0,-3.5742842778867585,-3.759577325740038,-3.571966977608941,-3.3796609633902888,0.0210106058912811,0.016083210215770916,0.02098646156574492,0.025802530776408587
58,cetus_2,19.47,-17.42,Cetus II,MW,1,0,1.9,0.5,1.0,,,,,,,0.4,DrlicaWagner2015ApJ...813..109D,17.38,0.19,0.19,DrlicaWagner2015ApJ...813..109D,17.38,0.68,0.68,DrlicaWagner2015ApJ...813..109D,,,,,,,,,2.844,0.059,0.061,0.474,0.063,0.064,Pace2022ApJ...940..136P,,,,,,,,,,,,,,,,,,,,,,,,,,,,,,,,,,0.6,Putman2021ApJ...913...53P,0.0,0.68,0.68,2.233029995663981,29.922646366081892,2.5069046468030827,2.7361368511517057,16.537875499938107,16.537875499938107,29.66301153174404,,2.102326536498708,,,,,156.46546325570102,-78.53133931090726,,,,,,,,,,,,,,,,,,,,,,,,
59,virgo_2,225.059,5.909,Virgo II,MW,1,0,0.74,0.11,0.13,,,,,,,0.3,Cerny2023ApJ...953....1C,19.3,0.22,0.22,Cerny2023ApJ...953....1C,17.7,0.6,0.4,Cerny2023ApJ...953....1C,,,,,,,,,,,,,,,,,,,,,,,,,,,,,,,,,,,,,,,,,,-1.9,,,Cerny2023ApJ...953....1C,,,,,,-1.6000000000000014,0.6,0.4,2.873029995663982,72.44359600749905,6.979978600771446,7.72421033126885,15.59401102522422,15.59401102522422,27.935402313197773,,,-1.9,,,photometric,4.066533497147215,52.754282977783035,,,,,,,,,,,,,,,,,,,,,,,,
60,bootes_2,209.5141,12.8553,Bootes II,MW,1,1,3.17,0.42,0.42,-68.0,27.0,27.0,0.25,0.11,0.11,,Munoz2018ApJ...860...66M,18.1,0.06,0.06,Walsh2008ApJ...688..245W,15.16,0.25,0.25,Munoz2018ApJ...860...66M,-130.4,1.1,1.4,2.9,1.2,1.6,,Bruce2023ApJ...950..167B,-2.426,0.077,0.08,-0.414,0.061,0.061,Pace2022ApJ...940..136P,-2.71,0.1,0.11,,,,0.37,Bruce2023ApJ...950..167B,2.5,1.47,1.47,12.9,8.1,8.1,Munoz2018ApJ...860...66M,3.05,0.45,0.45,0.71,0.43,0.43,Munoz2018ApJ...860...66M,,,,,,,,,,,,0.091,Spekkens2014ApJ...795L...5S,-2.9400000000000013,0.25,0.25,3.409029995663982,41.68693834703355,1.1360848021951213,1.1679136927103642,38.440177061070486,33.29016986085888,28.242192756050677,,1.5712166784361579,-2.71,0.1,0.11,spectroscopic,353.7313749604254,68.8649020459527,38.507449316131925,38.37809890603627,39.51048980714286,40.70762943306502,267.4554127656907,170.4543590179053,201.73307327038367,233.06766816095148,0.7482867753679594,0.6300217589007275,0.6722997605541801,0.7044616397299587,0.004473076970730039,0.0,0.0,0.0,-1.494662717054346,-1.7140092636137976,-1.4923885992473296,-1.2991857637663504,0.03665173664891718,0.02878202277374284,0.036685023109705034,0.0453715384107596
61,LMC,80.894,-69.7561,LMC,MW,1,1,192.9,0.2,0.2,227.24,0.178,0.188,0.164,0.001,0.001,,Choi2018ApJ...869..125C,18.477,0.024,0.024,Pietrzynski2019Natur.567..200P,0.4,0.1,0.1,deVaucouleurs1991rc3..book.....D,262.2,3.4,3.4,20.2,0.5,0.5,,vanderMarel2002AJ....124.2639V,1.91,0.02,0.02,0.229,0.047,0.047,Kallivayalil2013ApJ...764..161K,,,,,,,,,,,,,,,,,,,,,,,,,,,,,,,750658.0,6527.0,6527.0,,Bruns2005A&A...432...45B,-18.077,0.1,0.1,9.463829995663984,49.59067275049043,0.5450786059793984,0.5511364525990459,2782.6484646469157,2544.2599614509395,22.519517481804517,8.638417403488692,,,,,,280.4652211325739,-32.88846052285425,46.94550430651105,46.29751803196472,46.93629468404344,47.60852973536884,241.2372880360958,170.88260691958962,181.22866603624448,191.4148759067202,0.6741963395878283,0.573326443626899,0.5884361910440901,0.6031458967699789,0.010637922563868633,0.01315377457866639,0.015358620804320943,0.017716909327423945,-1.513059823787431,-1.9547021393147637,-1.4812809051533757,-1.0250559203206415,0.03506207249193683,0.03220772385335745,0.035017109217158726,0.037821529678679876
62,eridanus_2,56.0925,-43.5329,Eridanus II,MW,1,1,2.31,0.12,0.12,72.6,3.3,3.3,0.48,0.04,0.04,,Crnojevic2016ApJ...824L..14C,22.84,0.05,0.05,MartinezVazquez2021MNRAS.508.1064M,15.72,0.3,0.3,Crnojevic2016ApJ...824L..14C,75.6,1.3,1.3,6.9,0.9,1.2,,Li2017ApJ...838....8L,0.125,0.1,0.101,0.013,0.127,0.123,Pace2022ApJ...940..136P,-2.38,0.13,0.13,0.47,0.9,0.12,,Li2017ApJ...838....8L,,,,,,,,1.81,0.17,0.17,0.77,0.19,0.19,Munoz2018ApJ...860...66M,,,,,,,,,,,,0.089,Crnojevic2016ApJ...824L..14C,-7.119999999999999,0.3,0.3,5.0810299956639815,369.8281797802659,8.418317140652732,8.614404936827668,248.5066970471916,179.20072769996898,27.71731183668287,,3.457565292759976,-2.38,0.13,0.13,spectroscopic,249.7801696385245,-51.64313340472317,371.62616943315817,362.9398200376111,371.46764759820803,380.4733444530737,697.2039650158677,437.1346663808453,496.3744837977015,609.7329163782346,0.3046113550592794,0.08114642490768273,0.14284350772609603,0.24312357054750827,0.0,0.0,0.0,0.0,-31.717645680361983,-81.81691330944514,-27.940182092400025,22.33543433692545,0.05451654558797165,0.0527948304147828,0.08095009198055583,0.14461899416480356
63,centaurus_1,189.585,-40.902,Centaurus I,MW,1,1,2.9,0.4,0.5,20.0,11.0,11.0,0.4,0.1,0.1,,Mau2020ApJ...890..136M,20.354,0.07,0.07,MartinezVazquez2021AJ....162..253M,14.78,0.11,0.11,Mau2020ApJ...890..136M,44.8,0.8,0.8,4.2,0.5,0.6,,Heiger2024ApJ...961..234H,-0.14,0.05,0.05,-0.19,0.04,0.04,Heiger2024ApJ...961..234H,-2.57,0.08,0.08,0.38,0.05,0.07,,Heiger2024ApJ...961..234H,,,,,,,,,,,,,,,,,,,,,,,,,,,,-5.574,0.11,0.11,4.462629995663981,117.70637907805695,3.7338986760820916,3.856226445680889,99.29425349977865,76.91299803574805,27.42661155448303,,,-2.57,0.08,0.08,spectroscopic,300.2649349839617,21.90191163482551,13.5999132890062,110.32057875191117,114.11405522068571,118.12059031352845,158.91115177489456,152.64025978928223,160.3447169461467,170.96523087176908,0.8423299597162817,0.15255590906305663,0.16594445664979002,0.1906601051389642,0.6922015353418757,0.0,0.0,0.0,5.0556212560964475,1.8048472610525148,4.867599017798625,8.143335392812721,0.02247973314047571,0.021039141360466546,0.022822623932605618,0.025408362884239758
