,Zini,MH,logAge,Mini,int_IMF,Mass,logL,logTe,logg,label,McoreTP,C_O,period0,period1,period2,period3,period4,pmode,Mloss,tau1m,X,Y,Xc,Xn,Xo,Cexcess,Z,mbolmag,u*mag,g'mag,r'mag,i'mag,z'mag,gr,r
0,0.00012351,-2.1,10.1,0.0969537795,1.1451443944,0.097,-2.908,3.5373,5.433,1,0.0,0.545,0.0,0.0,0.0,0.0,0.0,-1,-9.61e-17,0.0,0.7461,0.2538,2.346e-05,6.329e-06,5.74e-05,-1.0,0.0001305,12.039,17.621,14.403,12.669,11.93,11.518,1.734,30.599121911934873
1,0.00012351,-2.1,10.1,0.1044059321,1.2068909498,0.104,-2.74,3.5585,5.381,1,0.0,0.545,0.0,0.0,0.0,0.0,0.0,-1,-1.45e-16,0.0,0.7444,0.2555,2.346e-05,6.329e-06,5.74e-05,-1.0,0.0001305,11.619,16.408,13.654,12.072,11.481,11.14,1.5820000000000007,30.00212191193488
2,0.00012351,-2.1,10.1,0.106829606,1.2257493271,0.106,-2.688,3.5651,5.365,1,0.0,0.545,0.0,0.0,0.0,0.0,0.0,-1,-1.64e-16,0.0,0.7438,0.256,2.346e-05,6.329e-06,5.74e-05,-1.0,0.0001304,11.489,16.052,13.427,11.898,11.342,11.021,1.529,29.828121911934872
3,0.00012351,-2.1,10.1,0.1138739064,1.277546393,0.113,-2.591,3.5745,5.333,1,0.0,0.545,0.0,0.0,0.0,0.0,0.0,-1,-2.06e-16,0.0,0.7426,0.2572,2.346e-05,6.329e-06,5.74e-05,-1.0,0.0001304,11.246,15.503,13.051,11.6,11.088,10.791,1.4510000000000005,29.530121911934877
4,0.00012351,-2.1,10.1,0.1265812516,1.3612057335,0.126,-2.429,3.5901,5.281,1,0.0,0.545,0.0,0.0,0.0,0.0,0.0,-1,-3.01e-16,0.0,0.7406,0.2593,2.346e-05,6.329e-06,5.74e-05,-1.0,0.0001304,10.844,14.642,12.442,11.128,10.67,10.406,1.314,29.058121911934876
5,0.00012351,-2.1,10.1,0.1463329196,1.4716402749,0.146,-2.259,3.6025,5.223,1,0.0,0.545,0.0,0.0,0.0,0.0,0.0,-1,-4.3e-16,0.0,0.7386,0.2613,2.346e-05,6.329e-06,5.74e-05,-1.0,0.0001304,10.418,13.905,11.871,10.659,10.235,9.992,1.2119999999999997,28.589121911934875
6,0.00012351,-2.1,10.1,0.1660845578,1.5642192935,0.166,-2.127,3.6104,5.178,1,0.0,0.545,0.0,0.0,0.0,0.0,0.0,-1,-5.94e-16,0.0,0.7376,0.2623,2.346e-05,6.329e-06,5.74e-05,-1.0,0.0001304,10.088,13.386,11.451,10.302,9.898,9.668,1.149000000000001,28.232121911934875
7,0.00012351,-2.1,10.1,0.2055878639,1.7124988838,0.205,-1.919,3.6217,5.107,1,0.0,0.545,0.0,0.0,0.0,0.0,0.0,-1,-9.35e-16,0.0,0.7371,0.2628,2.346e-05,6.329e-06,5.74e-05,-1.0,0.0001305,9.567,12.62,10.811,9.744,9.368,9.155,1.0670000000000002,27.674121911934876
8,0.00012351,-2.1,10.1,0.2549669743,1.8527729435,0.255,-1.727,3.6321,5.051,1,0.0,0.545,0.0,0.0,0.0,0.0,0.0,-1,-1.39e-15,0.0,0.7374,0.2625,2.346e-05,6.33e-06,5.74e-05,-1.0,0.0001304,9.088,11.932,10.231,9.233,8.881,8.683,0.9979999999999993,27.16312191193488
9,0.00012351,-2.1,10.1,0.3043461442,1.9615366389,0.304,-1.579,3.6407,5.015,1,0.0,0.545,0.0,0.0,0.0,0.0,0.0,-1,-1.86e-15,0.0,0.7374,0.2625,2.345e-05,6.33e-06,5.74e-05,-1.0,0.0001304,8.718,11.399,9.781,8.837,8.504,8.319,0.9440000000000008,26.767121911934876
10,0.00012351,-2.1,10.1,0.3537252545,2.0494811596,0.354,-1.455,3.6487,4.989,1,0.0,0.544,0.0,0.0,0.0,0.0,0.0,-1,-2.36e-15,0.0,0.738,0.2619,2.343e-05,6.331e-06,5.74e-05,-1.0,0.0001305,8.408,10.946,9.403,8.505,8.188,8.014,0.8979999999999997,26.43512191193488
11,0.00012351,-2.1,10.1,0.373303026,2.0800375655,0.373,-1.404,3.6523,4.975,1,0.0,0.545,0.0,0.0,0.0,0.0,0.0,-1,-2.64e-15,0.0,0.743,0.2569,2.344e-05,6.33e-06,5.74e-05,-1.0,0.0001305,8.28,10.755,9.246,8.367,8.058,7.889,0.8789999999999996,26.297121911934877
12,0.00012351,-2.1,10.1,0.4031043649,2.1227581329,0.403,-1.331,3.6574,4.956,1,0.0,0.545,0.0,0.0,0.0,0.0,0.0,-1,-3.07e-15,0.0,0.7501,0.2498,2.346e-05,6.329e-06,5.74e-05,-1.0,0.0001304,8.098,10.485,9.023,8.172,7.873,7.711,0.8509999999999991,26.102121911934876
13,0.00012351,-2.1,10.1,0.4480571747,2.1799776797,0.448,-1.194,3.6703,4.916,1,0.0,0.545,0.0,0.0,0.0,0.0,0.0,-1,-4.19e-15,0.0,0.7507,0.2492,2.346e-05,6.329e-06,5.74e-05,-1.0,0.0001304,7.754,9.922,8.582,7.798,7.524,7.38,0.7840000000000007,25.728121911934878
14,0.00012351,-2.1,10.1,0.4524834752,2.1852063413,0.452,-1.181,3.6715,4.912,1,0.0,0.545,0.0,0.0,0.0,0.0,0.0,-1,-4.31e-15,0.0,0.7507,0.2492,2.346e-05,6.329e-06,5.74e-05,-1.0,0.0001305,7.722,9.871,8.542,7.764,7.492,7.349,0.7779999999999996,25.694121911934875
15,0.00012351,-2.1,10.1,0.5018626451,2.2393660826,0.502,-1.012,3.6874,4.853,1,0.0,0.545,0.0,0.0,0.0,0.0,0.0,-1,-6.46e-15,0.0,0.7521,0.2478,2.337e-05,6.305e-06,5.718e-05,-1.0,0.0001304,7.301,9.2,8.015,7.313,7.072,6.948,0.7020000000000008,25.243121911934875
16,0.00012351,-2.1,10.1,0.5512417555,2.2846836818,0.551,-0.807,3.7073,4.767,1,0.0,0.544,0.0,0.0,0.0,0.0,0.0,-1,-1.09e-14,0.0,0.7866,0.2133,2.03e-05,5.48e-06,4.973e-05,-1.0,9.792e-05,6.788,8.407,7.388,6.776,6.569,6.469,0.6120000000000001,24.706121911934876
17,0.00012351,-2.1,10.1,0.5785084367,2.3059303837,0.578,-0.689,3.7215,4.727,1,0.0,0.544,0.0,0.0,0.0,0.0,0.0,-1,-1.46e-14,0.0,0.7941,0.2058,1.967e-05,5.312e-06,4.822e-05,-1.0,7.06e-05,6.493,7.94,7.024,6.47,6.287,6.203,0.5540000000000003,24.400121911934875
18,0.00012351,-2.1,10.1,0.6006208658,2.3215416132,0.6,-0.597,3.7327,4.696,1,0.0,0.544,0.0,0.0,0.0,0.0,0.0,-1,-1.84e-14,0.0,0.8,0.1999,1.917e-05,5.179e-06,4.702e-05,-1.0,6.12e-05,6.261,7.59,6.746,6.235,6.07,5.998,0.5110000000000001,24.165121911934875
19,0.00012351,-2.1,10.1,0.6099811196,2.3277591161,0.61,-0.554,3.7383,4.682,1,0.0,0.543,0.0,0.0,0.0,0.0,0.0,-1,-2.04e-14,0.0,0.8032,0.1967,1.89e-05,5.108e-06,4.638e-05,-1.0,0.0001278,6.155,7.43,6.618,6.128,5.971,5.906,0.4900000000000002,24.058121911934876
20,0.00012351,-2.1,10.1,0.6197433472,2.3340140724,0.619,-0.509,3.7441,4.668,1,0.0,0.543,0.0,0.0,0.0,0.0,0.0,-1,-2.29e-14,0.0,0.8066,0.1933,1.861e-05,5.031e-06,4.569e-05,-1.0,0.0001068,6.044,7.266,6.485,6.018,5.87,5.811,0.4670000000000005,23.948121911934876
21,0.00012351,-2.1,10.1,0.6292208433,2.3398735513,0.629,-0.466,3.7497,4.653,1,0.0,0.543,0.0,0.0,0.0,0.0,0.0,-1,-1.85e-15,0.0,0.8102,0.1897,1.832e-05,4.953e-06,4.499e-05,-1.0,8.58e-05,5.934,7.107,6.356,5.91,5.771,5.718,0.44599999999999973,23.840121911934876
22,0.00012351,-2.1,10.1,0.6403868198,2.346521658,0.64,-0.413,3.7563,4.635,1,0.0,0.543,0.0,0.0,0.0,0.0,0.0,-1,-2.64e-17,0.0,0.8145,0.1854,1.796e-05,4.856e-06,4.412e-05,-1.0,8.863e-05,5.804,6.925,6.204,5.783,5.655,5.609,0.4209999999999994,23.713121911934877
23,0.00012351,-2.1,10.1,0.6499999762,2.3520353107,0.65,-0.368,3.7618,4.618,1,0.0,0.542,0.0,0.0,0.0,0.0,0.0,-1,-3.27e-14,0.0,0.8185,0.1814,1.763e-05,4.768e-06,4.333e-05,-1.0,0.0001303,5.69,6.769,6.073,5.674,5.554,5.513,0.399,23.604121911934875
24,0.00012351,-2.1,10.1,0.6598655581,2.357502085,0.66,-0.32,3.7672,4.598,1,0.0,0.542,0.0,0.0,0.0,0.0,0.0,-1,-3.71e-14,0.0,0.8237,0.1761,1.72e-05,4.653e-06,4.23e-05,-1.0,0.0001227,5.57,6.614,5.939,5.559,5.447,5.412,0.3799999999999999,23.489121911934877
25,0.00012351,-2.1,10.1,0.6694571972,2.3626398014,0.669,-0.273,3.7724,4.577,1,0.0,0.542,0.0,0.0,0.0,0.0,0.0,-1,-3.39e-14,0.0,0.8291,0.1708,1.675e-05,4.534e-06,4.123e-05,-1.0,0.0001129,5.451,6.463,5.806,5.445,5.341,5.311,0.36099999999999977,23.375121911934876
26,0.00012351,-2.1,10.1,0.6786139011,2.3673890378,0.678,-0.226,3.7772,4.556,1,0.0,0.541,0.0,0.0,0.0,0.0,0.0,-1,-1.68e-14,0.0,0.8346,0.1653,1.63e-05,4.413e-06,4.014e-05,-1.0,0.0001104,5.334,6.319,5.677,5.333,5.236,5.211,0.3439999999999994,23.263121911934874
27,0.00012351,-2.1,10.1,0.6867399216,2.3714819469,0.686,-0.183,3.7816,4.536,1,0.0,0.541,0.0,0.0,0.0,0.0,0.0,-1,-5.63e-18,0.0,0.8398,0.1601,1.587e-05,4.299e-06,3.913e-05,-1.0,8.193e-05,5.227,6.188,5.559,5.23,5.139,5.118,0.32899999999999974,23.160121911934876
28,0.00012351,-2.1,10.1,0.6946130395,2.3753426161,0.694,-0.139,3.7857,4.514,1,0.0,0.54,0.0,0.0,0.0,0.0,0.0,-1,-1.11e-15,0.0,0.8451,0.1549,1.543e-05,4.184e-06,3.809e-05,-1.0,6.974e-05,5.119,6.06,5.441,5.126,5.042,5.025,0.3149999999999995,23.056121911934877
29,0.00012351,-2.1,10.1,0.6999999881,2.3779266974,0.7,-0.109,3.7885,4.498,1,0.0,0.54,0.0,0.0,0.0,0.0,0.0,-1,-6.56e-14,0.0,0.8488,0.1511,1.513e-05,4.102e-06,3.735e-05,-1.0,7.187e-05,5.043,5.971,5.358,5.053,4.974,4.96,0.3049999999999997,22.983121911934877
30,0.00012351,-2.1,10.1,0.7080879211,2.3817216462,0.708,-0.061,3.7925,4.471,1,0.0,0.538,0.0,0.0,0.0,0.0,0.0,-1,-7.51e-14,0.0,0.8531,0.1468,1.478e-05,4.019e-06,3.662e-05,-1.0,0.0001138,4.922,5.834,5.227,4.937,4.863,4.854,0.29000000000000004,22.867121911934877
31,0.00012351,-2.1,10.1,0.7163518667,2.3854975701,0.716,-0.009,3.7965,4.44,1,0.0,0.536,0.0,0.0,0.0,0.0,0.0,-1,-8.73e-14,0.0,0.857,0.1429,1.448e-05,3.947e-06,3.6e-05,-1.0,6.673e-05,4.792,5.688,5.086,4.811,4.743,4.738,0.27500000000000036,22.741121911934876
32,0.00012351,-2.1,10.1,0.7234479189,2.3886608237,0.723,0.038,3.7999,4.41,1,0.0,0.535,0.0,0.0,0.0,0.0,0.0,-1,-1e-13,0.0,0.86,0.1399,1.426e-05,3.896e-06,3.556e-05,-1.0,5.427e-05,4.674,5.557,4.959,4.696,4.633,4.631,0.2629999999999999,22.626121911934874
33,0.00012351,-2.1,10.1,0.7303209901,2.3916573801,0.73,0.087,3.8031,4.378,1,0.0,0.533,0.0,0.0,0.0,0.0,0.0,-1,-7.37e-14,0.0,0.8626,0.1373,1.407e-05,3.854e-06,3.52e-05,-1.0,0.0001204,4.551,5.425,4.827,4.575,4.518,4.519,0.2519999999999998,22.505121911934875
34,0.00012351,-2.1,10.1,0.7371934056,2.3945894932,0.737,0.14,3.8061,4.341,1,0.0,0.531,0.0,0.0,0.0,0.0,0.0,-1,-1.59e-17,0.0,0.865,0.1349,1.391e-05,3.818e-06,3.489e-05,-1.0,0.0001198,4.419,5.283,4.686,4.445,4.392,4.397,0.24099999999999966,22.375121911934876
35,0.00012351,-2.1,10.1,0.7451327443,2.3978994943,0.744,0.208,3.8093,4.291,1,0.0,0.53,0.0,0.0,0.0,0.0,0.0,-1,-4.04e-15,0.0,0.8675,0.1324,1.374e-05,3.781e-06,3.458e-05,-1.0,8.427e-05,4.251,5.106,4.508,4.279,4.231,4.239,0.2290000000000001,22.209121911934876
36,0.00012351,-2.1,10.1,0.75,2.3998889087,0.749,0.252,3.811,4.257,1,0.0,0.529,0.0,0.0,0.0,0.0,0.0,-1,-1.91e-13,0.0,0.8691,0.1309,1.364e-05,3.759e-06,3.439e-05,-1.0,4.11e-05,4.14,4.991,4.39,4.168,4.123,4.133,0.22199999999999953,22.098121911934875
37,0.00012351,-2.1,10.1,0.7544825077,2.4016949771,0.754,0.296,3.8127,4.222,1,0.0,0.529,0.0,0.0,0.0,0.0,0.0,-1,-2.2e-13,0.0,0.8692,0.1307,1.367e-05,3.766e-06,3.447e-05,-1.0,9.798e-05,4.029,4.876,4.274,4.058,4.016,4.028,0.2160000000000002,21.988121911934876
38,0.00012351,-2.1,10.1,0.7595060468,2.4036899297,0.759,0.348,3.8142,4.179,1,0.0,0.528,0.0,0.0,0.0,0.0,0.0,-1,-2.6e-13,0.0,0.8682,0.1317,1.378e-05,3.799e-06,3.478e-05,-1.0,0.0001,3.899,4.743,4.137,3.928,3.888,3.902,0.20899999999999963,21.858121911934877
39,0.00012351,-2.1,10.1,0.7636129856,2.4052984743,0.763,0.395,3.8148,4.137,1,0.0,0.528,0.0,0.0,0.0,0.0,0.0,-1,-3.03e-13,0.0,0.867,0.1329,1.391e-05,3.835e-06,3.51e-05,-1.0,0.0001,3.784,4.626,4.018,3.811,3.773,3.787,0.20699999999999985,21.741121911934876
40,0.00012351,-2.1,10.1,0.7650918365,2.4058728278,0.764,0.413,3.8145,4.118,1,0.0,0.528,0.0,0.0,0.0,0.0,0.0,-1,-3.23e-13,0.0,0.8666,0.1333,1.396e-05,3.847e-06,3.521e-05,-1.0,0.0001,3.736,4.58,3.97,3.763,3.725,3.739,0.2070000000000003,21.693121911934874
41,0.00012351,-2.1,10.1,0.7691103816,2.4074207222,0.768,0.468,3.8126,4.058,1,0.0,0.528,0.0,0.0,0.0,0.0,0.0,-1,-3.91e-13,0.0,0.8654,0.1345,1.408e-05,3.882e-06,3.553e-05,-1.0,0.0001001,3.6,4.449,3.835,3.624,3.584,3.596,0.21099999999999985,21.554121911934875
42,0.00012351,-2.1,10.1,0.7719227076,2.4084929787,0.771,0.511,3.8099,4.005,1,0.0,0.528,0.0,0.0,0.0,0.0,0.0,-1,-4.59e-13,0.0,0.8646,0.1353,1.417e-05,3.906e-06,3.575e-05,-1.0,0.0001001,3.491,4.349,3.732,3.513,3.469,3.479,0.2190000000000003,21.443121911934874
43,0.00012351,-2.1,10.1,0.7725223899,2.4087204587,0.771,0.521,3.8091,3.992,1,0.0,0.528,0.0,0.0,0.0,0.0,0.0,-1,-4.77e-13,0.0,0.8645,0.1354,1.419e-05,3.911e-06,3.58e-05,-1.0,0.0001,3.467,4.327,3.709,3.488,3.443,3.452,0.22100000000000009,21.418121911934875
44,0.00012351,-2.1,10.1,0.77310431,2.4089408131,0.772,0.532,3.8079,3.977,2,0.0,0.528,0.0,0.0,0.0,0.0,0.0,-1,-4.97e-13,0.0,0.8643,0.1356,1.42e-05,3.916e-06,3.584e-05,-1.0,0.0001,3.44,4.303,3.684,3.459,3.413,3.421,0.2250000000000001,21.389121911934875
45,0.00012351,-2.1,10.1,0.775062263,2.4096794332,0.774,0.572,3.8025,3.917,2,0.0,0.528,0.0,0.0,0.0,0.0,0.0,-1,-5.82e-13,0.0,0.8637,0.1362,1.426e-05,3.932e-06,3.599e-05,-1.0,0.0001,3.34,4.221,3.596,3.355,3.301,3.304,0.2410000000000001,21.285121911934876
46,0.00012351,-2.1,10.1,0.776561439,2.4102420895,0.775,0.608,3.7958,3.855,2,0.0,0.528,0.0,0.0,0.0,0.0,0.0,-1,-6.78e-13,0.0,0.8633,0.1366,1.431e-05,3.945e-06,3.611e-05,-1.0,0.0001001,3.251,4.155,3.523,3.261,3.197,3.193,0.262,21.191121911934875
47,0.00012351,-2.1,10.1,0.777736187,2.4106812417,0.776,0.64,3.788,3.791,2,0.0,0.528,0.0,0.0,0.0,0.0,0.0,-1,-7.86e-13,0.0,0.8628,0.1371,1.437e-05,3.962e-06,3.626e-05,-1.0,0.0001062,3.169,4.103,3.461,3.174,3.099,3.087,0.2869999999999999,21.104121911934875
48,0.00012351,-2.1,10.1,0.7786837816,2.4110343678,0.777,0.67,3.7794,3.728,2,0.0,0.529,0.0,0.0,0.0,0.0,0.0,-1,-9.05e-13,0.0,0.8566,0.1433,1.494e-05,4.117e-06,3.767e-05,-1.0,7.182e-05,3.094,4.064,3.409,3.094,3.007,2.986,0.31499999999999995,21.024121911934877
49,0.00012351,-2.1,10.1,0.7794789672,2.4113299362,0.778,0.699,3.7712,3.667,2,0.0,0.53,0.0,0.0,0.0,0.0,0.0,-1,-1.04e-12,0.0,0.8367,0.1632,1.653e-05,4.548e-06,4.155e-05,-1.0,6.939e-05,3.023,4.034,3.361,3.019,2.92,2.891,0.3420000000000001,20.949121911934874
50,0.00012351,-2.1,10.1,0.7801806927,2.4115901902,0.779,0.728,3.7636,3.607,2,0.0,0.533,0.0,0.0,0.0,0.0,0.0,-1,-1.19e-12,0.0,0.8103,0.1896,1.856e-05,5.092e-06,4.642e-05,-1.0,8.799e-05,2.95,4.002,3.311,2.943,2.833,2.796,0.3679999999999999,20.873121911934877
51,0.00012351,-2.1,10.1,0.7808033824,2.4118206812,0.779,0.761,3.7568,3.548,2,0.0,0.535,0.0,0.0,0.0,0.0,0.0,-1,-1.37e-12,0.0,0.7924,0.2075,1.991e-05,5.453e-06,4.964e-05,-1.0,0.0001027,2.869,3.961,3.251,2.86,2.74,2.696,0.391,20.790121911934875
52,0.00012351,-2.1,10.1,0.7814201117,2.4120485496,0.78,0.802,3.7508,3.484,2,0.0,0.536,0.0,0.0,0.0,0.0,0.0,-1,-1.62e-12,0.0,0.7815,0.2183,2.073e-05,5.672e-06,5.16e-05,-1.0,0.0001273,2.766,3.897,3.168,2.757,2.628,2.577,0.41100000000000003,20.687121911934877
53,0.00012351,-2.1,10.1,0.7819070816,2.4122281826,0.78,0.841,3.7469,3.428,2,0.0,0.536,0.0,0.0,0.0,0.0,0.0,-1,-1.89e-12,0.0,0.7763,0.2236,2.113e-05,5.78e-06,5.256e-05,-1.0,0.0001304,2.667,3.826,3.083,2.658,2.522,2.468,0.42500000000000027,20.588121911934877
54,0.00012351,-2.1,10.1,0.7822399735,2.4123508315,0.78,0.871,3.7445,3.389,2,0.0,0.536,0.0,0.0,0.0,0.0,0.0,-1,-2.12e-12,0.0,0.7735,0.2264,2.134e-05,5.834e-06,5.304e-05,-1.0,0.0001305,2.592,3.768,3.016,2.583,2.444,2.387,0.43299999999999983,20.513121911934874
55,0.00012351,-2.1,10.1,0.782535553,2.4124596326,0.781,0.901,3.7429,3.353,3,0.0,0.536,0.0,0.0,0.0,0.0,0.0,-1,-2.37e-12,0.0,0.7717,0.2281,2.147e-05,5.868e-06,5.335e-05,-1.0,0.0001238,2.517,3.704,2.947,2.508,2.367,2.308,0.43900000000000006,20.438121911934875
56,0.00012351,-2.1,10.1,0.782923162,2.412602166,0.781,0.942,3.7409,3.304,3,0.0,0.537,0.0,0.0,0.0,0.0,0.0,-1,-2.75e-12,0.0,0.7696,0.2303,2.161e-05,5.907e-06,5.369e-05,-1.0,0.0001073,2.414,3.616,2.851,2.406,2.261,2.201,0.44499999999999984,20.336121911934875
57,0.00012351,-2.1,10.1,0.783313632,2.4127455876,0.781,0.986,3.739,3.253,3,0.0,0.537,0.0,0.0,0.0,0.0,0.0,-1,-3.22e-12,0.0,0.7677,0.2322,2.173e-05,5.939e-06,5.398e-05,-1.0,8.014e-05,2.305,3.521,2.748,2.297,2.15,2.087,0.45100000000000007,20.227121911934876
58,0.00012351,-2.1,10.1,0.7836876512,2.4128828125,0.782,1.031,3.7374,3.202,3,0.0,0.537,0.0,0.0,0.0,0.0,0.0,-1,-3.78e-12,0.0,0.766,0.2339,2.182e-05,5.965e-06,5.421e-05,-1.0,0.0001286,2.194,3.423,2.643,2.186,2.037,1.972,0.45699999999999985,20.116121911934876
59,0.00012351,-2.1,10.1,0.7840852141,2.4130285105,0.782,1.081,3.7357,3.145,3,0.0,0.537,0.0,0.0,0.0,0.0,0.0,-1,-4.54e-12,0.0,0.7643,0.2356,2.191e-05,5.988e-06,5.443e-05,-1.0,0.0001304,2.067,3.31,2.523,2.061,1.909,1.843,0.4620000000000002,19.991121911934876
60,0.00012351,-2.1,10.1,0.7844187617,2.4131506172,0.782,1.127,3.7342,3.094,3,0.0,0.537,0.0,0.0,0.0,0.0,0.0,-1,-5.34e-12,0.0,0.7629,0.237,2.197e-05,6.006e-06,5.458e-05,-1.0,0.0001304,1.954,3.208,2.415,1.948,1.795,1.726,0.4670000000000001,19.878121911934876
61,0.00012351,-2.1,10.1,0.7847562432,2.4132740426,0.782,1.176,3.7327,3.038,3,0.0,0.537,0.0,0.0,0.0,0.0,0.0,-1,-6.38e-12,0.0,0.7616,0.2383,2.203e-05,6.022e-06,5.471e-05,-1.0,0.0001055,1.83,3.096,2.296,1.825,1.669,1.599,0.47099999999999986,19.755121911934875
62,0.00012351,-2.1,10.1,0.785087347,2.4133950169,0.783,1.229,3.7311,2.979,3,0.0,0.537,0.0,0.0,0.0,0.0,0.0,-1,-7.72e-12,0.0,0.7603,0.2396,2.207e-05,6.036e-06,5.484e-05,-1.0,0.0001116,1.697,2.976,2.169,1.694,1.536,1.464,0.4750000000000001,19.624121911934875
63,0.00012351,-2.1,10.1,0.7853545547,2.4134925602,0.783,1.276,3.7296,2.926,3,0.0,0.536,0.0,0.0,0.0,0.0,0.0,-1,-9.14e-12,0.0,0.7593,0.2406,2.209e-05,6.048e-06,5.492e-05,-1.0,0.0001276,1.58,2.871,2.057,1.578,1.417,1.344,0.47899999999999987,19.508121911934875
64,0.00012351,-2.1,10.1,0.7856122851,2.4135865716,0.783,1.325,3.7282,2.871,3,0.0,0.536,0.0,0.0,0.0,0.0,0.0,-1,-1.09e-11,0.0,0.7584,0.2415,2.21e-05,6.061e-06,5.499e-05,-1.0,0.0001304,1.458,2.762,1.94,1.456,1.293,1.219,0.484,19.386121911934875
65,0.00012351,-2.1,10.1,0.7858439088,2.4136709995,0.783,1.373,3.7267,2.817,3,0.0,0.535,0.0,0.0,0.0,0.0,0.0,-1,-1.29e-11,0.0,0.7575,0.2423,2.21e-05,6.074e-06,5.505e-05,-1.0,0.0001296,1.337,2.654,1.826,1.336,1.172,1.096,0.49,19.266121911934874
66,0.00012351,-2.1,10.1,0.7860536575,2.4137474046,0.783,1.421,3.7252,2.764,3,0.0,0.535,0.0,0.0,0.0,0.0,0.0,-1,-1.54e-11,0.0,0.7569,0.243,2.209e-05,6.089e-06,5.51e-05,-1.0,0.0001256,1.218,2.549,1.713,1.219,1.052,0.974,0.494,19.149121911934877
67,0.00012351,-2.1,10.1,0.7862414122,2.4138157582,0.783,1.467,3.7237,2.711,3,0.0,0.534,0.0,0.0,0.0,0.0,0.0,-1,-1.82e-11,0.0,0.7563,0.2436,2.207e-05,6.105e-06,5.513e-05,-1.0,0.0001278,1.102,2.444,1.601,1.103,0.934,0.854,0.498,19.033121911934877
68,0.00012351,-2.1,10.1,0.7864190936,2.41388041,0.783,1.516,3.7222,2.657,3,0.0,0.533,0.0,0.0,0.0,0.0,0.0,-1,-2.16e-11,0.0,0.7559,0.244,2.206e-05,6.122e-06,5.516e-05,-1.0,0.0001305,0.98,2.336,1.486,0.983,0.812,0.73,0.503,18.913121911934876
69,0.00012351,-2.1,10.1,0.7865768671,2.4139377898,0.783,1.563,3.7206,2.603,3,0.0,0.533,0.0,0.0,0.0,0.0,0.0,-1,-2.57e-11,0.0,0.7555,0.2443,2.204e-05,6.138e-06,5.518e-05,-1.0,0.0001304,0.863,2.232,1.375,0.866,0.693,0.61,0.509,18.796121911934875
70,0.00012351,-2.1,10.1,0.7867169976,2.4139887309,0.783,1.609,3.719,2.551,3,0.0,0.532,0.0,0.0,0.0,0.0,0.0,-1,-3.03e-11,0.0,0.7553,0.2446,2.203e-05,6.15e-06,5.519e-05,-1.0,0.0001304,0.748,2.131,1.267,0.753,0.578,0.493,0.5139999999999999,18.683121911934876
71,0.00012351,-2.1,10.1,0.7868440747,2.4140349088,0.783,1.654,3.7175,2.5,3,0.0,0.532,0.0,0.0,0.0,0.0,0.0,-1,-3.56e-11,0.0,0.7552,0.2447,2.202e-05,6.157e-06,5.52e-05,-1.0,0.0001126,0.635,2.032,1.16,0.642,0.464,0.377,0.5179999999999999,18.572121911934875
72,0.00012351,-2.1,10.1,0.7869631052,2.4140781471,0.783,1.7,3.7159,2.447,3,0.0,0.532,0.0,0.0,0.0,0.0,0.0,-1,-4.21e-11,0.0,0.7551,0.2448,2.201e-05,6.162e-06,5.521e-05,-1.0,0.0001305,0.52,1.935,1.052,0.527,0.347,0.259,0.525,18.457121911934877
73,0.00012351,-2.1,10.1,0.7870683074,2.4141163497,0.782,1.745,3.7143,2.396,3,0.0,0.532,0.0,0.0,0.0,0.0,0.0,-1,-4.95e-11,0.0,0.755,0.2448,2.201e-05,6.164e-06,5.521e-05,-1.0,0.0001305,0.409,1.842,0.948,0.417,0.234,0.144,0.5309999999999999,18.347121911934877
74,0.00012351,-2.1,10.1,0.7871654034,2.4141515982,0.782,1.789,3.7128,2.345,3,0.0,0.532,0.0,0.0,0.0,0.0,0.0,-1,-5.82e-11,0.0,0.755,0.2448,2.201e-05,6.164e-06,5.521e-05,-1.0,0.0001305,0.297,1.748,0.843,0.306,0.121,0.029,0.5369999999999999,18.236121911934877
75,0.00012351,-2.1,10.1,0.7872546315,2.4141839816,0.782,1.834,3.7111,2.294,3,0.0,0.532,0.0,0.0,0.0,0.0,0.0,-1,-6.84e-11,0.0,0.755,0.2448,2.201e-05,6.164e-06,5.521e-05,-1.0,0.0001305,0.185,1.655,0.739,0.196,0.008,-0.086,0.5429999999999999,18.126121911934877
76,0.00012351,-2.1,10.1,0.7873338461,2.4142127238,0.782,1.877,3.7095,2.244,3,0.0,0.532,0.0,0.0,0.0,0.0,0.0,-1,-1.09e-11,0.0,0.755,0.2448,2.201e-05,6.165e-06,5.521e-05,-1.0,0.0001305,0.078,1.567,0.639,0.089,-0.101,-0.196,0.55,18.019121911934874
77,0.00012351,-2.1,10.1,0.7874070406,2.4142392757,0.781,1.92,3.708,2.195,3,0.0,0.532,0.0,0.0,0.0,0.0,0.0,-1,-3.99e-12,0.0,0.755,0.2449,2.201e-05,6.165e-06,5.521e-05,-1.0,0.0001305,-0.029,1.479,0.54,-0.016,-0.209,-0.306,0.556,17.914121911934878
78,0.00012351,-2.1,10.1,0.7874773741,2.4142647845,0.781,1.964,3.7063,2.144,3,0.0,0.532,0.0,0.0,0.0,0.0,0.0,-1,-3.61e-12,0.0,0.755,0.2449,2.201e-05,6.165e-06,5.522e-05,-1.0,0.0001305,-0.14,1.389,0.438,-0.126,-0.321,-0.421,0.5640000000000001,17.804121911934875
79,0.00012351,-2.1,10.1,0.7875376344,2.4142866357,0.781,2.005,3.7047,2.096,3,0.0,0.532,0.0,0.0,0.0,0.0,0.0,-1,-4.22e-12,0.0,0.755,0.2449,2.201e-05,6.165e-06,5.522e-05,-1.0,0.0001305,-0.244,1.306,0.343,-0.227,-0.426,-0.527,0.5700000000000001,17.703121911934875
80,0.00012351,-2.1,10.1,0.7875933051,2.4143068192,0.781,2.047,3.7031,2.048,3,0.0,0.532,0.0,0.0,0.0,0.0,0.0,-1,-4.92e-12,0.0,0.755,0.2449,2.201e-05,6.165e-06,5.522e-05,-1.0,0.0001304,-0.347,1.224,0.249,-0.328,-0.529,-0.632,0.577,17.602121911934876
81,0.00012351,-2.1,10.1,0.7876465321,2.4143261137,0.78,2.089,3.7015,1.999,3,0.0,0.532,0.0,0.0,0.0,0.0,0.0,-1,-5.75e-12,0.0,0.755,0.2449,2.201e-05,6.166e-06,5.522e-05,-1.0,0.0001305,-0.452,1.138,0.151,-0.433,-0.636,-0.741,0.584,17.497121911934876
82,0.00012351,-2.1,10.1,0.7876929641,2.4143429426,0.78,2.129,3.6998,1.953,3,0.0,0.532,0.0,0.0,0.0,0.0,0.0,-1,-6.67e-12,0.0,0.755,0.2449,2.201e-05,6.166e-06,5.522e-05,-1.0,0.0001305,-0.551,1.063,0.062,-0.53,-0.737,-0.843,0.5920000000000001,17.400121911934875
83,0.00012351,-2.1,10.1,0.7877364755,2.4143587108,0.779,2.168,3.6983,1.907,3,0.0,0.532,0.0,0.0,0.0,0.0,0.0,-1,-7.71e-12,0.0,0.755,0.2449,2.201e-05,6.166e-06,5.522e-05,-1.0,0.0001305,-0.65,0.989,-0.027,-0.627,-0.836,-0.944,0.6,17.303121911934877
84,0.00012351,-2.1,10.1,0.787781775,2.414375125,0.779,2.206,3.6968,1.863,3,0.0,0.532,0.0,0.0,0.0,0.0,0.0,-1,-8.87e-12,0.0,0.755,0.2449,2.201e-05,6.166e-06,5.522e-05,-1.0,0.0001305,-0.744,0.917,-0.113,-0.719,-0.931,-1.041,0.606,17.211121911934875
85,0.00012351,-2.1,10.1,0.7878319025,2.414393286,0.778,2.236,3.6957,1.828,3,0.0,0.532,0.0,0.0,0.0,0.0,0.0,-1,-1e-11,0.0,0.755,0.2449,2.201e-05,6.166e-06,5.522e-05,-1.0,0.0001305,-0.819,0.86,-0.181,-0.793,-1.007,-1.119,0.6120000000000001,17.137121911934877
86,0.00012351,-2.1,10.1,0.7878553271,2.4144017718,0.778,2.23,3.6961,1.835,3,0.0,0.532,0.0,0.0,0.0,0.0,0.0,-1,-9.94e-12,0.0,0.755,0.2449,2.201e-05,6.166e-06,5.522e-05,-1.0,0.0001305,-0.805,0.868,-0.169,-0.779,-0.992,-1.104,0.61,17.151121911934876
87,0.00012351,-2.1,10.1,0.787861228,2.4144039093,0.778,2.237,3.6958,1.828,3,0.0,0.532,0.0,0.0,0.0,0.0,0.0,-1,-1.02e-11,0.0,0.755,0.2449,2.201e-05,6.166e-06,5.522e-05,-1.0,0.0001306,-0.821,0.856,-0.184,-0.795,-1.009,-1.121,0.611,17.135121911934874
88,0.00012351,-2.1,10.1,0.7878937721,2.4144156975,0.777,2.277,3.6941,1.78,3,0.0,0.532,0.0,0.0,0.0,0.0,0.0,-1,-1.17e-11,0.0,0.755,0.2449,2.201e-05,6.166e-06,5.522e-05,-1.0,0.0001305,-0.923,0.782,-0.275,-0.895,-1.112,-1.225,0.62,17.035121911934876
89,0.00012351,-2.1,10.1,0.7879266739,2.4144276141,0.777,2.32,3.6924,1.729,3,0.0,0.532,0.0,0.0,0.0,0.0,0.0,-1,-1.36e-11,0.0,0.755,0.2449,2.201e-05,6.167e-06,5.522e-05,-1.0,0.0001305,-1.031,0.701,-0.372,-1.001,-1.221,-1.337,0.6289999999999999,16.929121911934875
90,0.00012351,-2.1,10.1,0.7879546285,2.414437738,0.776,2.36,3.6906,1.683,3,0.0,0.532,0.0,0.0,0.0,0.0,0.0,-1,-1.57e-11,0.0,0.755,0.2449,2.201e-05,6.167e-06,5.522e-05,-1.0,0.0001305,-1.129,0.631,-0.459,-1.096,-1.32,-1.438,0.637,16.834121911934876
91,0.00012351,-2.1,10.1,0.7879821062,2.4144476884,0.775,2.401,3.6887,1.634,3,0.0,0.532,0.0,0.0,0.0,0.0,0.0,-1,-1.82e-11,0.0,0.755,0.2449,2.201e-05,6.167e-06,5.522e-05,-1.0,0.0001305,-1.232,0.559,-0.549,-1.196,-1.423,-1.543,0.6469999999999999,16.734121911934874
92,0.00012351,-2.1,10.1,0.7880077958,2.4144569905,0.775,2.442,3.687,1.585,3,0.0,0.532,0.0,0.0,0.0,0.0,0.0,-1,-2.11e-11,0.0,0.755,0.2449,2.201e-05,6.167e-06,5.522e-05,-1.0,0.0001305,-1.335,0.486,-0.64,-1.297,-1.527,-1.649,0.6569999999999999,16.633121911934875
93,0.00012351,-2.1,10.1,0.7880302072,2.4144651051,0.774,2.481,3.6852,1.539,3,0.0,0.532,0.0,0.0,0.0,0.0,0.0,-1,-2.42e-11,0.0,0.755,0.2449,2.201e-05,6.167e-06,5.522e-05,-1.0,0.0001305,-1.431,0.426,-0.723,-1.39,-1.624,-1.749,0.6669999999999999,16.540121911934875
94,0.00012351,-2.1,10.1,0.7880524993,2.4144731759,0.773,2.522,3.6833,1.49,3,0.0,0.532,6.77,5.39,3.83,2.96,2.4,3,-2.81e-11,0.0,0.755,0.2449,2.201e-05,6.167e-06,5.522e-05,-1.0,0.0001305,-1.534,0.376,-0.81,-1.492,-1.729,-1.856,0.6819999999999999,16.438121911934875
95,0.00012351,-2.1,10.1,0.7880722284,2.4144803184,0.772,2.561,3.6816,1.443,3,0.0,0.532,7.47,5.86,4.15,3.21,2.6,3,-3.22e-11,0.0,0.755,0.2449,2.201e-05,6.167e-06,5.522e-05,-1.0,0.0001305,-1.632,0.332,-0.89,-1.588,-1.829,-1.958,0.6980000000000001,16.342121911934875
96,0.00012351,-2.1,10.1,0.7880905867,2.4144869642,0.771,2.599,3.6798,1.397,3,0.0,0.532,8.24,6.37,4.49,3.48,2.82,3,-3.7e-11,0.0,0.755,0.2449,2.201e-05,6.167e-06,5.522e-05,-1.0,0.0001305,-1.728,0.296,-0.968,-1.683,-1.928,-2.06,0.7150000000000001,16.247121911934876
97,0.00012351,-2.1,10.1,0.78810817,2.4144933291,0.77,2.639,3.6779,1.349,3,0.0,0.532,9.11,6.94,4.87,3.79,3.06,3,-4.26e-11,0.0,0.755,0.2449,2.201e-05,6.167e-06,5.522e-05,-1.0,0.0001305,-1.827,0.265,-1.046,-1.779,-2.029,-2.163,0.7329999999999999,16.151121911934876
98,0.00012351,-2.1,10.1,0.7881270051,2.4145001468,0.769,2.684,3.6758,1.294,3,0.0,0.532,10.23,7.67,5.36,4.17,3.37,3,-5e-11,0.0,0.755,0.2449,2.201e-05,6.167e-06,5.522e-05,-1.0,0.0001305,-1.941,0.233,-1.133,-1.89,-2.145,-2.282,0.7569999999999999,16.040121911934875
99,0.00012351,-2.1,10.1,0.7881422043,2.4145056482,0.767,2.724,3.6738,1.246,3,0.0,0.532,11.32,8.36,5.82,4.53,3.67,3,-5.75e-11,0.0,0.755,0.2449,2.201e-05,6.167e-06,5.522e-05,-1.0,0.0001305,-2.04,0.215,-1.206,-1.986,-2.246,-2.386,0.78,15.944121911934875
100,0.00012351,-2.1,10.1,0.7881578803,2.4145113219,0.766,2.768,3.6717,1.193,3,0.0,0.532,12.67,9.2,6.38,4.97,4.03,2,-6.72e-11,0.0,0.755,0.2449,2.201e-05,6.167e-06,5.522e-05,-1.0,0.0001305,-2.149,0.201,-1.285,-2.092,-2.358,-2.501,0.8070000000000002,15.838121911934877
101,0.00012351,-2.1,10.1,0.7881708145,2.414516003,0.764,2.806,3.6698,1.146,3,0.0,0.532,13.99,10.01,6.91,5.4,4.37,2,-7.72e-11,0.0,0.755,0.2449,2.201e-05,6.167e-06,5.522e-05,-1.0,0.0001305,-2.246,0.19,-1.354,-2.185,-2.457,-2.603,0.831,15.745121911934877
102,0.00012351,-2.1,10.1,0.7881839275,2.4145207487,0.763,2.849,3.6675,1.094,3,0.0,0.532,15.63,11.0,7.56,5.91,4.79,2,-8.96e-11,0.0,0.7549,0.2449,2.201e-05,6.167e-06,5.522e-05,-1.0,0.0001305,-2.351,0.2,-1.422,-2.285,-2.564,-2.714,0.8630000000000002,15.645121911934876
103,0.00012351,-2.1,10.1,0.7881948948,2.4145247176,0.761,2.886,3.6657,1.048,3,0.0,0.532,17.2,11.93,8.17,6.4,5.18,2,-1.02e-10,0.0,0.7549,0.2449,2.201e-05,6.167e-06,5.522e-05,-1.0,0.0001305,-2.445,0.2,-1.484,-2.374,-2.659,-2.812,0.8900000000000001,15.556121911934877
104,0.00012351,-2.1,10.1,0.7882063985,2.4145288806,0.759,2.928,3.6634,0.996,3,0.0,0.532,19.21,13.1,8.94,7.01,5.68,2,-1.19e-10,0.0,0.7549,0.2449,2.201e-05,6.167e-06,5.522e-05,-1.0,0.0001305,-2.55,0.227,-1.545,-2.472,-2.766,-2.922,0.927,15.458121911934875
105,0.00012351,-2.1,10.1,0.7882180214,2.4145330866,0.756,2.973,3.6611,0.94,3,0.0,0.532,21.63,14.49,9.84,7.73,6.27,2,-1.39e-10,0.0,0.7549,0.2449,2.201e-05,6.168e-06,5.522e-05,-1.0,0.0001305,-2.663,0.263,-1.607,-2.577,-2.881,-3.043,0.97,15.353121911934878
106,0.00012351,-2.1,10.1,0.7882274389,2.4145364944,0.754,3.013,3.6589,0.89,3,0.0,0.532,24.03,15.85,10.72,8.43,6.84,1,-1.61e-10,0.0,0.7549,0.2449,2.201e-05,6.168e-06,5.522e-05,-1.0,0.0001305,-2.763,0.316,-1.653,-2.667,-2.982,-3.148,1.0139999999999998,15.263121911934874
107,0.00012351,-2.1,10.1,0.7882355452,2.4145394276,0.752,3.049,3.6569,0.845,3,0.0,0.532,26.42,17.18,11.58,9.12,7.39,1,-1.82e-10,0.0,0.7549,0.2449,2.201e-05,6.168e-06,5.522e-05,-1.0,0.0001305,-2.852,0.338,-1.701,-2.747,-3.07,-3.241,1.0459999999999998,15.183121911934876
108,0.00012351,-2.1,10.1,0.7882439494,2.4145424686,0.749,3.088,3.6548,0.795,3,0.0,0.532,29.34,18.77,12.6,9.94,8.06,1,-2.1e-10,0.0,0.7549,0.2449,2.201e-05,6.168e-06,5.522e-05,-1.0,0.0001305,-2.951,0.342,-1.757,-2.834,-3.166,-3.341,1.0770000000000002,15.096121911934876
109,0.00012351,-2.1,10.1,0.7882524729,2.4145455526,0.746,3.131,3.6524,0.741,3,0.0,0.532,32.88,20.68,13.82,10.91,8.85,1,-2.44e-10,0.0,0.7549,0.2449,2.201e-05,6.168e-06,5.522e-05,-1.0,0.0001305,-3.057,0.349,-1.817,-2.928,-3.27,-3.45,1.111,15.002121911934875
110,0.00012351,-2.1,10.1,0.788259685,2.4145481621,0.742,3.169,3.6502,0.692,3,0.0,0.532,36.47,22.58,15.02,11.88,9.64,1,-2.8e-10,0.0,0.7549,0.2449,2.201e-05,6.168e-06,5.522e-05,-1.0,0.0001305,-3.153,0.358,-1.869,-3.012,-3.363,-3.548,1.143,14.918121911934875
111,0.00012351,-2.1,10.1,0.7882668972,2.4145507716,0.738,3.209,3.6479,0.641,3,0.0,0.532,40.61,24.73,16.38,12.98,10.53,1,-3.23e-10,0.0,0.7549,0.2449,2.201e-05,6.168e-06,5.522e-05,-1.0,0.0001305,-3.253,0.365,-1.925,-3.098,-3.459,-3.649,1.1729999999999998,14.832121911934877
112,0.00012351,-2.1,10.1,0.7882736325,2.4145532085,0.734,3.247,3.6458,0.592,3,0.0,0.532,44.97,26.95,17.79,14.11,11.45,1,-3.71e-10,0.0,0.7549,0.2449,2.201e-05,6.168e-06,5.522e-05,-1.0,0.0001305,-3.346,0.376,-1.974,-3.178,-3.548,-3.743,1.204,14.752121911934875
113,0.00012351,-2.1,10.1,0.7900589108,2.4151974501,0.726,2.85,3.6698,1.08,8,0.52,0.418,15.87,11.13,7.64,5.99,4.85,2,-9.67e-08,0.0,0.7511,0.2487,1.684e-05,1.467e-05,5.369e-05,-1.0,0.0001621,-2.356,0.108,-1.457,-2.295,-2.569,-2.715,0.8379999999999999,15.635121911934874
114,0.00012351,-2.1,10.1,0.7900587916,2.4151974072,0.729,3.008,3.6597,0.883,8,0.52,0.418,24.16,15.9,10.74,8.46,6.86,1,-1.7e-07,0.0,0.7511,0.2487,1.684e-05,1.467e-05,5.369e-05,-1.0,0.0001621,-2.75,0.29,-1.655,-2.658,-2.97,-3.135,1.003,15.272121911934875
115,0.00012351,-2.1,10.1,0.790058732,2.4151973857,0.731,3.231,3.6453,0.604,8,0.52,0.416,43.84,26.37,17.42,13.82,11.21,1,-4.11e-07,0.0,0.7511,0.2487,1.684e-05,1.467e-05,5.369e-05,-1.0,0.0001621,-3.308,0.418,-1.932,-3.137,-3.508,-3.703,1.205,14.793121911934875
116,0.00012351,-2.1,10.1,0.790058434,2.4151972785,0.731,3.221,3.6486,0.627,7,0.523,0.403,41.73,25.29,16.73,13.27,10.77,1,-1e-30,0.0,0.7513,0.2486,1.613e-05,1.451e-05,5.318e-05,-1.0,0.0001305,-3.282,0.329,-1.959,-3.13,-3.491,-3.68,1.1709999999999998,14.800121911934877
117,0.00012351,-2.1,10.1,0.7900578976,2.4151970854,0.731,3.165,3.6525,0.699,7,0.0,0.404,35.8,22.2,14.78,11.69,9.49,1,-1e-30,0.0,0.7517,0.2481,1.632e-05,1.388e-05,5.364e-05,-1.0,0.0001304,-3.141,0.297,-1.89,-3.011,-3.356,-3.537,1.1210000000000002,14.919121911934877
118,0.00012351,-2.1,10.1,0.7900575995,2.4151969781,0.731,3.113,3.6559,0.764,7,0.0,0.404,31.16,19.74,13.21,10.43,8.46,1,-1e-30,0.0,0.7521,0.2477,1.645e-05,1.342e-05,5.399e-05,-1.0,0.0001304,-3.013,0.273,-1.826,-2.901,-3.232,-3.406,1.0749999999999997,15.029121911934876
119,0.00012351,-2.1,10.1,0.7900573611,2.4151968923,0.731,3.084,3.6577,0.801,7,0.0,0.405,28.8,18.46,12.39,9.78,7.93,1,-1e-30,0.0,0.7525,0.2473,1.657e-05,1.301e-05,5.428e-05,-1.0,0.0001304,-2.939,0.265,-1.786,-2.837,-3.16,-3.33,1.0510000000000002,15.093121911934876
120,0.00012351,-2.1,10.1,0.7900572419,2.4151968494,0.731,3.071,3.6586,0.817,7,0.0,0.405,27.82,17.92,12.05,9.5,7.71,1,-1e-30,0.0,0.7525,0.2473,1.658e-05,1.299e-05,5.43e-05,-1.0,0.0001304,-2.907,0.246,-1.772,-2.808,-3.128,-3.296,1.0359999999999998,15.122121911934876
121,0.00012351,-2.1,10.1,0.7900571227,2.4151968065,0.731,3.062,3.6591,0.828,7,0.0,0.405,27.21,17.59,11.83,9.33,7.56,1,-1e-30,0.0,0.7525,0.2473,1.658e-05,1.298e-05,5.43e-05,-1.0,0.0001304,-2.886,0.231,-1.764,-2.79,-3.107,-3.274,1.026,15.140121911934877
122,0.00012351,-2.1,10.1,0.7900570035,2.4151967636,0.731,3.053,3.6597,0.84,7,0.0,0.405,26.53,17.21,11.59,9.14,7.41,1,-1e-30,0.0,0.7525,0.2473,1.658e-05,1.298e-05,5.431e-05,-1.0,0.0001304,-2.862,0.215,-1.754,-2.768,-3.083,-3.249,1.0139999999999998,15.162121911934875
123,0.00012351,-2.1,10.1,0.7900569439,2.4151967421,0.731,3.054,3.6596,0.839,7,0.0,0.405,26.59,17.25,11.61,9.15,7.42,1,-1e-30,0.0,0.7525,0.2473,1.658e-05,1.297e-05,5.431e-05,-1.0,0.0001304,-2.864,0.216,-1.755,-2.77,-3.085,-3.251,1.0150000000000001,15.160121911934876
124,0.00012351,-2.1,10.1,0.7900568843,2.4151967207,0.731,3.057,3.6594,0.835,7,0.0,0.405,26.8,17.36,11.68,9.21,7.47,1,-1e-30,0.0,0.7525,0.2473,1.659e-05,1.297e-05,5.431e-05,-1.0,0.0001304,-2.871,0.22,-1.759,-2.777,-3.093,-3.259,1.0180000000000002,15.153121911934875
125,0.00012351,-2.1,10.1,0.7900564671,2.4151965705,0.731,3.058,3.6593,0.833,7,0.0,0.405,26.91,17.43,11.73,9.25,7.5,1,-1e-30,0.0,0.7526,0.2473,1.661e-05,1.289e-05,5.437e-05,-1.0,0.0001304,-2.876,0.223,-1.76,-2.781,-3.097,-3.263,1.0210000000000001,15.149121911934877
126,0.00012351,-2.1,10.1,0.7900550961,2.4151960771,0.731,3.034,3.6609,0.864,7,0.0,0.406,25.2,16.48,11.12,8.76,7.1,1,-1e-30,0.0,0.7528,0.2471,1.668e-05,1.272e-05,5.449e-05,-1.0,0.0001304,-2.814,0.181,-1.735,-2.725,-3.035,-3.198,0.99,15.205121911934874
127,0.00012351,-2.1,10.1,0.7900521755,2.4151950259,0.731,2.99,3.6635,0.918,7,0.0,0.408,22.47,14.95,10.13,7.97,6.46,1,-1e-30,0.0,0.753,0.2469,1.679e-05,1.247e-05,5.465e-05,-1.0,0.0001304,-2.706,0.119,-1.686,-2.627,-2.924,-3.082,0.9409999999999998,15.303121911934877
128,0.00012351,-2.1,10.1,0.7900488973,2.4151938459,0.731,2.949,3.6661,0.969,7,0.0,0.41,20.12,13.61,9.26,7.28,5.9,2,-1e-30,0.0,0.7532,0.2467,1.693e-05,1.22e-05,5.48e-05,-1.0,0.0001027,-2.602,0.071,-1.634,-2.531,-2.818,-2.971,0.8970000000000002,15.399121911934877
129,0.00012351,-2.1,10.1,0.7900457382,2.4151927088,0.731,2.909,3.6685,1.019,7,0.0,0.413,18.1,12.45,8.5,6.67,5.4,2,-1e-30,0.0,0.7535,0.2464,1.711e-05,1.192e-05,5.494e-05,-1.0,0.0001237,-2.502,0.039,-1.579,-2.438,-2.716,-2.865,0.8590000000000002,15.492121911934877
130,0.00012351,-2.1,10.1,0.7900422215,2.415191443,0.731,2.868,3.6709,1.07,7,0.0,0.417,16.25,11.36,7.79,6.11,4.94,2,-1e-30,0.0,0.7537,0.2461,1.731e-05,1.162e-05,5.504e-05,-1.0,0.0001304,-2.399,0.023,-1.515,-2.341,-2.612,-2.757,0.8260000000000003,15.589121911934875
131,0.00012351,-2.1,10.1,0.7900381088,2.4151899627,0.731,2.827,3.6733,1.12,7,0.0,0.422,14.6,10.37,7.14,5.59,4.53,2,-1e-30,0.0,0.754,0.2459,1.755e-05,1.131e-05,5.511e-05,-1.0,0.0001305,-2.297,0.016,-1.448,-2.243,-2.507,-2.648,0.7949999999999999,15.687121911934877
132,0.00012351,-2.1,10.1,0.7900332212,2.4151882034,0.731,2.786,3.6757,1.171,7,0.0,0.429,13.11,9.46,6.55,5.12,4.14,2,-1e-30,0.0,0.7542,0.2456,1.784e-05,1.095e-05,5.516e-05,-1.0,0.0001304,-2.195,0.018,-1.378,-2.145,-2.402,-2.539,0.7670000000000001,15.785121911934876
133,0.00012351,-2.1,10.1,0.7900276184,2.4151861866,0.731,2.745,3.678,1.221,7,0.0,0.437,11.78,8.64,6.0,4.69,3.79,2,-1e-30,0.0,0.7545,0.2454,1.817e-05,1.055e-05,5.518e-05,-1.0,0.0001305,-2.093,0.027,-1.306,-2.046,-2.297,-2.431,0.7399999999999998,15.884121911934876
134,0.00012351,-2.1,10.1,0.7900217175,2.4151840625,0.731,2.705,3.6803,1.27,7,0.0,0.445,10.61,7.91,5.51,4.3,3.48,3,-1e-30,0.0,0.7547,0.2452,1.854e-05,1.009e-05,5.519e-05,-1.0,0.0001305,-1.993,0.043,-1.233,-1.949,-2.194,-2.326,0.716,15.981121911934874
135,0.00012351,-2.1,10.1,0.7900155783,2.4151818526,0.731,2.665,3.6826,1.319,7,0.0,0.456,9.56,7.24,5.07,3.94,3.19,3,-1e-30,0.0,0.7549,0.245,1.896e-05,9.564e-06,5.518e-05,-1.0,0.0001149,-1.893,0.069,-1.157,-1.851,-2.091,-2.219,0.694,16.079121911934877
136,0.00012351,-2.1,10.1,0.790009141,2.4151795353,0.731,2.625,3.6848,1.368,7,0.0,0.468,8.61,6.62,4.65,3.62,2.93,3,-1e-30,0.0,0.7551,0.2448,1.945e-05,8.964e-06,5.518e-05,-1.0,0.0001206,-1.792,0.099,-1.078,-1.753,-1.987,-2.113,0.6749999999999998,16.177121911934876
137,0.00012351,-2.1,10.1,0.7900022864,2.4151770678,0.731,2.585,3.6871,1.417,7,0.0,0.482,7.75,6.06,4.27,3.32,2.68,3,-1e-30,0.0,0.7553,0.2446,2.001e-05,8.267e-06,5.517e-05,-1.0,0.0001305,-1.692,0.148,-0.996,-1.655,-1.885,-2.008,0.659,16.275121911934875
138,0.00012351,-2.1,10.1,0.7899948955,2.4151744072,0.731,2.544,3.6893,1.467,7,0.0,0.497,6.98,5.54,3.93,3.04,2.46,3,-1e-30,0.0,0.7554,0.2444,2.065e-05,7.486e-06,5.516e-05,-1.0,0.0001305,-1.591,0.208,-0.912,-1.558,-1.784,-1.904,0.646,16.372121911934876
139,0.00012351,-2.1,10.1,0.7899869084,2.4151715319,0.731,2.504,3.6916,1.516,7,0.0,0.513,6.28,5.07,3.6,2.79,2.26,3,-1e-30,0.0,0.7555,0.2443,2.129e-05,6.749e-06,5.515e-05,-1.0,0.0001294,-1.49,0.272,-0.827,-1.461,-1.682,-1.799,0.6340000000000001,16.469121911934877
140,0.00012351,-2.1,10.1,0.7899780869,2.4151683561,0.731,2.463,3.6939,1.566,7,0.0,0.526,0.0,0.0,0.0,0.0,0.0,-1,-1e-30,0.0,0.7556,0.2443,2.175e-05,6.291e-06,5.515e-05,-1.0,0.0001248,-1.388,0.339,-0.74,-1.362,-1.579,-1.693,0.6220000000000001,16.568121911934874
141,0.00012351,-2.1,10.1,0.789968431,2.4151648798,0.731,2.422,3.6962,1.616,7,0.0,0.531,0.0,0.0,0.0,0.0,0.0,-1,-1e-30,0.0,0.7556,0.2443,2.194e-05,6.166e-06,5.515e-05,-1.0,0.0001278,-1.286,0.406,-0.653,-1.264,-1.476,-1.587,0.611,16.666121911934876
142,0.00012351,-2.1,10.1,0.7899574041,2.4151609098,0.731,2.381,3.6986,1.667,7,0.0,0.532,0.0,0.0,0.0,0.0,0.0,-1,-1e-30,0.0,0.7556,0.2443,2.199e-05,6.149e-06,5.515e-05,-1.0,0.0001266,-1.184,0.473,-0.565,-1.164,-1.373,-1.481,0.599,16.766121911934874
143,0.00012351,-2.1,10.1,0.7899448872,2.4151564032,0.731,2.34,3.701,1.718,7,0.0,0.532,0.0,0.0,0.0,0.0,0.0,-1,-1e-30,0.0,0.7556,0.2443,2.201e-05,6.146e-06,5.515e-05,-1.0,0.0001302,-1.08,0.541,-0.476,-1.064,-1.268,-1.373,0.5880000000000001,16.866121911934876
144,0.00012351,-2.1,10.1,0.7899308205,2.4151513385,0.731,2.299,3.7035,1.769,7,0.0,0.532,0.0,0.0,0.0,0.0,0.0,-1,-1e-30,0.0,0.7556,0.2443,2.201e-05,6.146e-06,5.515e-05,-1.0,0.0001305,-0.977,0.611,-0.387,-0.963,-1.163,-1.265,0.576,16.967121911934875
145,0.00012351,-2.1,10.1,0.7899150848,2.4151456726,0.731,2.257,3.7061,1.821,7,0.0,0.532,0.0,0.0,0.0,0.0,0.0,-1,-1e-30,0.0,0.7556,0.2443,2.201e-05,6.146e-06,5.515e-05,-1.0,0.0001305,-0.872,0.68,-0.297,-0.861,-1.056,-1.155,0.5640000000000001,17.069121911934875
146,0.00012351,-2.1,10.1,0.7898980379,2.4151395342,0.731,2.214,3.7089,1.875,7,0.0,0.532,0.0,0.0,0.0,0.0,0.0,-1,-1e-30,0.0,0.7556,0.2443,2.201e-05,6.146e-06,5.515e-05,-1.0,0.0001305,-0.766,0.749,-0.207,-0.757,-0.948,-1.043,0.55,17.173121911934874
147,0.00012351,-2.1,10.1,0.7898802161,2.4151331165,0.731,2.167,3.7123,1.936,7,0.0,0.532,0.0,0.0,0.0,0.0,0.0,-1,-1e-30,0.0,0.7556,0.2443,2.201e-05,6.146e-06,5.515e-05,-1.0,0.0001305,-0.648,0.826,-0.106,-0.642,-0.826,-0.918,0.536,17.288121911934876
148,0.00012351,-2.1,10.1,0.7898655534,2.4151278362,0.73,2.138,3.7147,1.974,7,0.0,0.532,0.0,0.0,0.0,0.0,0.0,-1,-1e-30,0.0,0.7556,0.2443,2.201e-05,6.146e-06,5.515e-05,-1.0,0.0001304,-0.576,0.87,-0.046,-0.571,-0.752,-0.841,0.5249999999999999,17.359121911934874
149,0.00012351,-2.1,10.1,0.789849937,2.4151222121,0.73,2.148,3.7144,1.963,7,0.0,0.532,0.0,0.0,0.0,0.0,0.0,-1,-1e-30,0.0,0.7556,0.2443,2.201e-05,6.146e-06,5.515e-05,-1.0,0.0001305,-0.6,0.85,-0.069,-0.595,-0.776,-0.865,0.526,17.335121911934877
150,0.00012351,-2.1,10.1,0.7898474336,2.4151213105,0.73,2.171,3.7126,1.933,7,0.0,0.532,0.0,0.0,0.0,0.0,0.0,-1,-1e-30,0.0,0.7556,0.2443,2.201e-05,6.146e-06,5.515e-05,-1.0,0.0001305,-0.658,0.814,-0.118,-0.652,-0.836,-0.927,0.534,17.278121911934875
151,0.00012351,-2.1,10.1,0.7898460627,2.4151208168,0.73,2.148,3.7141,1.962,7,0.0,0.532,0.0,0.0,0.0,0.0,0.0,-1,-1e-30,0.0,0.7556,0.2443,2.201e-05,6.146e-06,5.515e-05,-1.0,0.0001305,-0.599,0.854,-0.067,-0.594,-0.776,-0.865,0.5269999999999999,17.336121911934875
152,0.00012351,-2.1,10.1,0.7898452878,2.4151205377,0.73,2.112,3.7167,2.009,7,0.0,0.532,0.0,0.0,0.0,0.0,0.0,-1,-1e-30,0.0,0.7556,0.2443,2.201e-05,6.146e-06,5.515e-05,-1.0,0.0001305,-0.51,0.913,0.009,-0.507,-0.684,-0.77,0.516,17.423121911934874
153,0.00012351,-2.1,10.1,0.7898444533,2.4151202372,0.73,2.073,3.7199,2.06,7,0.0,0.532,0.0,0.0,0.0,0.0,0.0,-1,-1e-30,0.0,0.7556,0.2443,2.201e-05,6.146e-06,5.515e-05,-1.0,0.0001305,-0.412,0.976,0.091,-0.412,-0.583,-0.666,0.503,17.518121911934877
154,0.00012351,-2.1,10.1,0.7898436785,2.4151199581,0.73,2.033,3.7235,2.115,7,0.0,0.532,0.0,0.0,0.0,0.0,0.0,-1,-1e-30,0.0,0.7556,0.2443,2.201e-05,6.146e-06,5.515e-05,-1.0,0.0001305,-0.313,1.041,0.174,-0.315,-0.481,-0.56,0.489,17.615121911934875
155,0.00012351,-2.1,10.1,0.7898427844,2.4151196361,0.73,1.993,3.7278,2.172,7,0.0,0.532,0.0,0.0,0.0,0.0,0.0,-1,-1e-30,0.0,0.7556,0.2443,2.201e-05,6.146e-06,5.515e-05,-1.0,0.0001305,-0.213,1.101,0.255,-0.217,-0.376,-0.451,0.472,17.713121911934877
156,0.00012351,-2.1,10.1,0.789842546,2.4151195503,0.73,1.984,3.7289,2.186,7,0.0,0.532,0.0,0.0,0.0,0.0,0.0,-1,-1e-30,0.0,0.7556,0.2443,2.201e-05,6.146e-06,5.515e-05,-1.0,0.0001305,-0.189,1.114,0.273,-0.194,-0.352,-0.424,0.467,17.736121911934877
157,0.00012351,-2.1,10.1,0.7898424864,2.4151195288,0.73,1.983,3.729,2.186,4,0.0,0.532,0.0,0.0,0.0,0.0,0.0,-1,-1e-30,0.0,0.7556,0.2443,2.201e-05,6.146e-06,5.515e-05,-1.0,0.0001305,-0.188,1.115,0.274,-0.193,-0.351,-0.423,0.467,17.737121911934874
158,0.00012351,-2.1,10.1,0.7898417115,2.4151192497,0.73,1.962,3.7322,2.221,4,0.0,0.532,0.0,0.0,0.0,0.0,0.0,-1,-1e-30,0.0,0.7556,0.2443,2.201e-05,6.146e-06,5.515e-05,-1.0,0.0001305,-0.134,1.141,0.314,-0.141,-0.293,-0.362,0.45499999999999996,17.789121911934878
159,0.00012351,-2.1,10.1,0.7898398042,2.4151185628,0.73,1.928,3.7381,2.278,4,0.0,0.532,0.0,0.0,0.0,0.0,0.0,-1,-1e-30,0.0,0.7556,0.2443,2.201e-05,6.146e-06,5.515e-05,-1.0,0.0001304,-0.051,1.175,0.372,-0.061,-0.203,-0.265,0.433,17.869121911934876
160,0.00012351,-2.1,10.1,0.7898356318,2.4151170601,0.73,1.894,3.7461,2.345,4,0.0,0.532,0.0,0.0,0.0,0.0,0.0,-1,-1e-30,0.0,0.7556,0.2443,2.201e-05,6.146e-06,5.515e-05,-1.0,0.0001305,0.036,1.205,0.426,0.023,-0.107,-0.161,0.40299999999999997,17.953121911934875
161,0.00012351,-2.1,10.1,0.7898263931,2.4151137326,0.73,1.861,3.7554,2.414,4,0.0,0.532,0.0,0.0,0.0,0.0,0.0,-1,-1e-30,0.0,0.7556,0.2443,2.201e-05,6.146e-06,5.515e-05,-1.0,0.0001305,0.118,1.228,0.47,0.1,-0.015,-0.058,0.37,18.030121911934877
162,0.00012351,-2.1,10.1,0.7898059487,2.415106369,0.73,1.829,3.7672,2.494,4,0.0,0.532,0.0,0.0,0.0,0.0,0.0,-1,-1e-30,0.0,0.7556,0.2443,2.201e-05,6.146e-06,5.515e-05,-1.0,0.0001305,0.198,1.24,0.504,0.177,0.08,0.05,0.327,18.107121911934875
163,0.00012351,-2.1,10.1,0.7897681594,2.4150927568,0.73,1.803,3.7803,2.572,4,0.0,0.532,0.0,0.0,0.0,0.0,0.0,-1,-1e-30,0.0,0.7556,0.2443,2.201e-05,6.146e-06,5.515e-05,-1.0,0.0001305,0.263,1.237,0.519,0.238,0.163,0.147,0.281,18.168121911934875
164,0.00012351,-2.1,10.1,0.7897233367,2.4150766093,0.73,1.788,3.7905,2.628,4,0.0,0.532,0.0,0.0,0.0,0.0,0.0,-1,-1e-30,0.0,0.7556,0.2443,2.201e-05,6.146e-06,5.515e-05,-1.0,0.0001305,0.301,1.23,0.518,0.275,0.217,0.21,0.243,18.205121911934874
165,0.00012351,-2.1,10.1,0.7896777391,2.4150601804,0.73,1.777,3.7989,2.672,4,0.0,0.532,0.0,0.0,0.0,0.0,0.0,-1,-1e-30,0.0,0.7556,0.2443,2.201e-05,6.146e-06,5.515e-05,-1.0,0.0001305,0.327,1.222,0.514,0.3,0.256,0.258,0.21400000000000002,18.230121911934877
166,0.00012351,-2.1,10.1,0.7896689177,2.4150570018,0.73,1.777,3.8002,2.678,4,0.0,0.532,0.0,0.0,0.0,0.0,0.0,-1,-1e-30,0.0,0.7556,0.2443,2.201e-05,6.146e-06,5.515e-05,-1.0,0.0001305,0.329,1.218,0.511,0.302,0.26,0.264,0.20900000000000002,18.232121911934875
167,0.00012351,-2.1,10.1,0.7896245122,2.4150409999,0.73,1.768,3.8086,2.72,4,0.0,0.532,0.0,0.0,0.0,0.0,0.0,-1,-1e-30,0.0,0.7556,0.2443,2.201e-05,6.146e-06,5.515e-05,-1.0,0.0001305,0.35,1.208,0.502,0.324,0.296,0.308,0.178,18.254121911934877
168,0.00012351,-2.1,10.1,0.7895804048,2.4150251034,0.73,1.761,3.8161,2.756,4,0.0,0.532,0.0,0.0,0.0,0.0,0.0,-1,-1e-30,0.0,0.7556,0.2443,2.201e-05,6.146e-06,5.515e-05,-1.0,0.0001305,0.367,1.2,0.493,0.342,0.327,0.346,0.15099999999999997,18.272121911934875
169,0.00012351,-2.1,10.1,0.7895363569,2.4150092263,0.73,1.755,3.8239,2.794,4,0.0,0.532,0.0,0.0,0.0,0.0,0.0,-1,-1e-30,0.0,0.7556,0.2443,2.201e-05,6.146e-06,5.515e-05,-1.0,0.0001305,0.383,1.191,0.486,0.361,0.359,0.385,0.125,18.291121911934876
170,0.00012351,-2.1,10.1,0.7894927859,2.4149935191,0.73,1.749,3.8321,2.833,4,0.0,0.532,0.0,0.0,0.0,0.0,0.0,-1,-1e-30,0.0,0.7556,0.2443,2.201e-05,6.146e-06,5.515e-05,-1.0,0.0001304,0.399,1.183,0.477,0.38,0.391,0.425,0.09699999999999998,18.310121911934875
171,0.00012351,-2.1,10.1,0.7894483805,2.414977509,0.73,1.742,3.8404,2.873,4,0.0,0.532,0.0,0.0,0.0,0.0,0.0,-1,-1e-30,0.0,0.7556,0.2443,2.201e-05,6.146e-06,5.515e-05,-1.0,0.0001305,0.414,1.177,0.469,0.4,0.426,0.467,0.06899999999999995,18.330121911934874
172,0.00012351,-2.1,10.1,0.7894053459,2.4149619913,0.73,1.737,3.8483,2.91,4,0.0,0.532,0.0,0.0,0.0,0.0,0.0,-1,-1e-30,0.0,0.7556,0.2443,2.201e-05,6.146e-06,5.515e-05,-1.0,0.0001305,0.429,1.172,0.462,0.419,0.459,0.507,0.04300000000000004,18.349121911934876
173,0.00012351,-2.1,10.1,0.7893604636,2.4149458051,0.73,1.731,3.8566,2.949,4,0.0,0.532,0.0,0.0,0.0,0.0,0.0,-1,-1e-30,0.0,0.7556,0.2443,2.201e-05,6.146e-06,5.515e-05,-1.0,0.0001304,0.443,1.167,0.455,0.44,0.494,0.549,0.015000000000000013,18.370121911934877
174,0.00012351,-2.1,10.1,0.7893132567,2.4149287784,0.73,1.725,3.8647,2.987,4,0.0,0.532,0.0,0.0,0.0,0.0,0.0,-1,-1e-30,0.0,0.7556,0.2443,2.201e-05,6.146e-06,5.515e-05,-1.0,0.0001305,0.458,1.164,0.449,0.462,0.529,0.592,-0.013000000000000012,18.392121911934876
175,0.00012351,-2.1,10.1,0.7892691493,2.4149128674,0.73,1.72,3.8718,3.021,4,0.0,0.532,0.0,0.0,0.0,0.0,0.0,-1,-1e-30,0.0,0.7556,0.2443,2.201e-05,6.146e-06,5.515e-05,-1.0,0.0001305,0.47,1.162,0.445,0.483,0.562,0.631,-0.03799999999999998,18.413121911934876
176,0.00012351,-2.1,10.1,0.7892239094,2.4148965459,0.73,1.715,3.8786,3.053,4,0.0,0.532,0.0,0.0,0.0,0.0,0.0,-1,-1e-30,0.0,0.7556,0.2443,2.201e-05,6.146e-06,5.515e-05,-1.0,0.0001305,0.482,1.16,0.443,0.505,0.595,0.669,-0.062,18.435121911934875
177,0.00012351,-2.1,10.1,0.78921628,2.4148937931,0.73,1.714,3.8797,3.058,4,0.0,0.532,0.0,0.0,0.0,0.0,0.0,-1,-1e-30,0.0,0.7556,0.2443,2.201e-05,6.146e-06,5.515e-05,-1.0,0.0001305,0.484,1.16,0.443,0.508,0.601,0.675,-0.065,18.438121911934875
178,0.00012351,-2.1,10.1,0.7892119884,2.4148922447,0.73,1.714,3.8804,3.061,4,0.0,0.532,0.0,0.0,0.0,0.0,0.0,-1,-1e-30,0.0,0.7556,0.2443,2.201e-05,6.146e-06,5.515e-05,-1.0,0.0001305,0.485,1.159,0.443,0.511,0.604,0.679,-0.068,18.441121911934875
179,0.00012351,-2.1,10.1,0.7891666889,2.4148758989,0.73,1.709,3.8873,3.093,4,0.0,0.532,0.0,0.0,0.0,0.0,0.0,-1,-1e-30,0.0,0.7556,0.2443,2.201e-05,6.146e-06,5.515e-05,-1.0,0.0001305,0.497,1.158,0.443,0.535,0.639,0.718,-0.09200000000000003,18.465121911934876
180,0.00012351,-2.1,10.1,0.7891181707,2.4148583892,0.73,1.704,3.8941,3.125,4,0.0,0.532,0.0,0.0,0.0,0.0,0.0,-1,-1e-30,0.0,0.7556,0.2443,2.201e-05,6.146e-06,5.515e-05,-1.0,0.0001305,0.509,1.159,0.446,0.56,0.674,0.759,-0.11400000000000005,18.490121911934875
181,0.00012351,-2.1,10.1,0.7890708447,2.4148413074,0.73,1.7,3.9,3.153,4,0.0,0.532,0.0,0.0,0.0,0.0,0.0,-1,-1e-30,0.0,0.7556,0.2443,2.201e-05,6.146e-06,5.515e-05,-1.0,0.0001305,0.52,1.16,0.451,0.584,0.706,0.795,-0.13299999999999995,18.514121911934875
182,0.00012351,-2.1,10.1,0.7890248895,2.4148247182,0.73,1.696,3.9054,3.178,4,0.0,0.532,0.0,0.0,0.0,0.0,0.0,-1,-1e-30,0.0,0.7556,0.2443,2.201e-05,6.146e-06,5.515e-05,-1.0,0.0001305,0.529,1.163,0.459,0.606,0.736,0.828,-0.14699999999999996,18.536121911934877
183,0.00012351,-2.1,10.1,0.7889791131,2.4148081913,0.73,1.693,3.91,3.2,4,0.0,0.532,0.0,0.0,0.0,0.0,0.0,-1,-1e-30,0.0,0.7556,0.2443,2.201e-05,6.146e-06,5.515e-05,-1.0,0.0001305,0.537,1.166,0.466,0.626,0.762,0.857,-0.15999999999999998,18.556121911934877
184,0.00012351,-2.1,10.1,0.7889306545,2.4147906936,0.729,1.69,3.9144,3.221,4,0.0,0.532,0.0,0.0,0.0,0.0,0.0,-1,-1e-30,0.0,0.7556,0.2443,2.201e-05,6.146e-06,5.515e-05,-1.0,0.0001305,0.545,1.17,0.475,0.646,0.788,0.885,-0.17100000000000004,18.576121911934877
185,0.00012351,-2.1,10.1,0.7888845205,2.414774033,0.729,1.687,3.9181,3.238,4,0.0,0.532,0.0,0.0,0.0,0.0,0.0,-1,-1e-30,0.0,0.7556,0.2443,2.201e-05,6.146e-06,5.515e-05,-1.0,0.0001305,0.552,1.174,0.483,0.662,0.809,0.909,-0.17900000000000005,18.592121911934875
186,0.00012351,-2.1,10.1,0.7888386846,2.4147574778,0.729,1.685,3.9212,3.253,4,0.0,0.532,0.0,0.0,0.0,0.0,0.0,-1,-1e-30,0.0,0.7556,0.2443,2.201e-05,6.146e-06,5.515e-05,-1.0,0.0001305,0.557,1.177,0.49,0.677,0.827,0.929,-0.18700000000000006,18.607121911934875
187,0.00012351,-2.1,10.1,0.7887893915,2.4147396715,0.729,1.683,3.924,3.265,4,0.0,0.532,0.0,0.0,0.0,0.0,0.0,-1,-1e-30,0.0,0.7556,0.2443,2.201e-05,6.146e-06,5.515e-05,-1.0,0.0001305,0.562,1.181,0.497,0.69,0.843,0.947,-0.19299999999999995,18.620121911934877
188,0.00012351,-2.1,10.1,0.7887420654,2.4147225733,0.729,1.682,3.9261,3.276,4,0.0,0.532,0.0,0.0,0.0,0.0,0.0,-1,-1e-30,0.0,0.7556,0.2443,2.201e-05,6.146e-06,5.515e-05,-1.0,0.0001305,0.566,1.183,0.503,0.7,0.856,0.961,-0.19699999999999995,18.630121911934875
189,0.00012351,-2.1,10.1,0.7886970043,2.4147062913,0.729,1.681,3.9278,3.283,4,0.0,0.532,0.0,0.0,0.0,0.0,0.0,-1,-1e-30,0.0,0.7556,0.2443,2.201e-05,6.146e-06,5.515e-05,-1.0,0.0001305,0.568,1.185,0.508,0.708,0.866,0.972,-0.19999999999999996,18.638121911934874
190,0.00012351,-2.1,10.1,0.7886524796,2.4146902009,0.729,1.68,3.9291,3.289,4,0.0,0.532,0.0,0.0,0.0,0.0,0.0,-1,-1e-30,0.0,0.7556,0.2443,2.201e-05,6.146e-06,5.515e-05,-1.0,0.0001305,0.571,1.187,0.511,0.714,0.873,0.981,-0.20299999999999996,18.644121911934874
191,0.00012351,-2.1,10.1,0.7886042595,2.4146727728,0.729,1.679,3.93,3.294,4,0.0,0.532,0.0,0.0,0.0,0.0,0.0,-1,-1e-30,0.0,0.7556,0.2443,2.201e-05,6.146e-06,5.515e-05,-1.0,0.0001305,0.572,1.188,0.513,0.718,0.879,0.986,-0.20499999999999996,18.648121911934876
192,0.00012351,-2.1,10.1,0.788559556,2.4146566134,0.729,1.679,3.9306,3.296,4,0.0,0.532,0.0,0.0,0.0,0.0,0.0,-1,-1e-30,0.0,0.7556,0.2443,2.201e-05,6.146e-06,5.515e-05,-1.0,0.0001305,0.573,1.189,0.515,0.721,0.882,0.99,-0.20599999999999996,18.651121911934876
193,0.00012351,-2.1,10.1,0.7885116935,2.4146393098,0.729,1.679,3.9309,3.298,4,0.0,0.532,0.0,0.0,0.0,0.0,0.0,-1,-1e-30,0.0,0.7556,0.2443,2.201e-05,6.146e-06,5.515e-05,-1.0,0.0001304,0.574,1.189,0.517,0.723,0.884,0.993,-0.20599999999999996,18.653121911934875
194,0.00012351,-2.1,10.1,0.7884635329,2.4146218961,0.729,1.678,3.931,3.298,4,0.0,0.532,0.0,0.0,0.0,0.0,0.0,-1,-1e-30,0.0,0.7556,0.2443,2.201e-05,6.146e-06,5.515e-05,-1.0,0.0001305,0.574,1.189,0.517,0.724,0.885,0.993,-0.20699999999999996,18.654121911934876
195,0.00012351,-2.1,10.1,0.7884165645,2.414604911,0.729,1.679,3.9308,3.297,4,0.0,0.532,0.0,0.0,0.0,0.0,0.0,-1,-1e-30,0.0,0.7556,0.2443,2.201e-05,6.146e-06,5.515e-05,-1.0,0.0001305,0.574,1.189,0.516,0.723,0.884,0.992,-0.20699999999999996,18.653121911934875
196,0.00012351,-2.1,10.1,0.7883701324,2.4145881176,0.729,1.679,3.9305,3.296,4,0.0,0.532,0.0,0.0,0.0,0.0,0.0,-1,-1e-30,0.0,0.7556,0.2443,2.201e-05,6.146e-06,5.515e-05,-1.0,0.0001305,0.574,1.189,0.516,0.721,0.882,0.99,-0.20499999999999996,18.651121911934876
197,0.00012351,-2.1,10.1,0.7883238196,2.414571365,0.729,1.678,3.9302,3.295,4,0.0,0.532,0.0,0.0,0.0,0.0,0.0,-1,-1e-30,0.0,0.7556,0.2443,2.201e-05,6.146e-06,5.515e-05,-1.0,0.0001305,0.574,1.19,0.516,0.721,0.881,0.989,-0.20499999999999996,18.651121911934876
198,0.00012351,-2.1,10.1,0.7882761955,2.4145541358,0.729,1.66,3.9396,3.351,4,0.0,0.532,0.0,0.0,0.0,0.0,0.0,-1,-1e-30,0.0,0.7556,0.2443,2.201e-05,6.146e-06,5.515e-05,-1.0,0.0001305,0.62,1.235,0.579,0.8,0.97,1.083,-0.22100000000000009,18.730121911934877
